SEASON,PITCHER_NAME,PITCHER_KEY,PITCHER_ID,TEAM_ID,TEAM_NAME,LAST_START_DATE,PITCHER_TEAM_WIN_PCT,PITCHER_RUNS_ALLOWED_PER_START,PITCHER_RUN_SUPPORT_PER_START,PITCHER_STARTS,PITCHER_DAYS_REST
2026,Cam Schlittler,cam schlittler,693645.0,147,New York Yankees,2026-06-02,0.6923076923076923,2.769230769230769,5.230769230769231,13.0,2
2026,Cristopher Sánchez,cristopher sánchez,650911.0,143,Philadelphia Phillies,2026-06-03,0.6923076923076923,2.923076923076923,4.769230769230769,13.0,1
2026,Gavin Williams,gavin williams,668909.0,114,Cleveland Guardians,2026-06-03,0.7692307692307693,2.923076923076923,4.384615384615385,13.0,1
2026,Logan Gilbert,logan gilbert,669302.0,136,Seattle Mariners,2026-06-02,0.5384615384615384,3.1538461538461537,4.0,13.0,2
2026,Joey Cantillo,joey cantillo,676282.0,114,Cleveland Guardians,2026-06-02,0.7692307692307693,3.5384615384615383,5.846153846153846,13.0,2
2026,Max Meyer,max meyer,676974.0,146,Miami Marlins,2026-06-03,0.6923076923076923,3.6153846153846154,5.846153846153846,13.0,1
2026,Kevin Gausman,kevin gausman,592332.0,141,Toronto Blue Jays,2026-06-02,0.5384615384615384,3.769230769230769,4.076923076923077,13.0,2
2026,George Kirby,george kirby,669923.0,136,Seattle Mariners,2026-06-03,0.5384615384615384,3.769230769230769,3.6153846153846154,13.0,1
2026,Bryce Elder,bryce elder,693821.0,144,Atlanta Braves,2026-06-02,0.6153846153846154,3.769230769230769,4.538461538461538,13.0,2
2026,MacKenzie Gore,mackenzie gore,669022.0,140,Texas Rangers,2026-06-03,0.46153846153846156,3.8461538461538463,4.153846153846154,13.0,1
2026,Freddy Peralta,freddy peralta,642547.0,121,New York Mets,2026-06-03,0.5384615384615384,3.923076923076923,5.3076923076923075,13.0,1
2026,José Soriano,josé soriano,667755.0,108,Los Angeles Angels,2026-06-01,0.5384615384615384,4.153846153846154,4.230769230769231,13.0,3
2026,Joe Ryan,joe ryan,657746.0,142,Minnesota Twins,2026-06-01,0.5384615384615384,4.461538461538462,4.615384615384615,13.0,3
2026,Andrew Abbott,andrew abbott,671096.0,113,Cincinnati Reds,2026-06-02,0.6153846153846154,4.538461538461538,4.923076923076923,13.0,2
2026,Zac Gallen,zac gallen,668678.0,109,Arizona Diamondbacks,2026-06-03,0.38461538461538464,4.615384615384615,4.153846153846154,13.0,1
2026,Mitch Keller,mitch keller,656605.0,134,Pittsburgh Pirates,2026-05-30,0.6153846153846154,4.615384615384615,5.6923076923076925,13.0,5
2026,Slade Cecconi,slade cecconi,677944.0,114,Cleveland Guardians,2026-06-04,0.38461538461538464,4.6923076923076925,3.8461538461538463,13.0,0
2026,Sandy Alcantara,sandy alcantara,645261.0,146,Miami Marlins,2026-06-01,0.5384615384615384,4.769230769230769,4.923076923076923,13.0,3
2026,Jack Flaherty,jack flaherty,656427.0,116,Detroit Tigers,2026-06-02,0.23076923076923078,5.153846153846154,3.230769230769231,13.0,2
2026,Paul Skenes,paul skenes,694973.0,134,Pittsburgh Pirates,2026-06-03,0.46153846153846156,5.230769230769231,5.615384615384615,13.0,1
2026,Jeffrey Springs,jeffrey springs,605488.0,133,Athletics,2026-06-03,0.38461538461538464,5.3076923076923075,3.923076923076923,13.0,1
2026,Tanner Bibee,tanner bibee,676440.0,114,Cleveland Guardians,2026-05-31,0.15384615384615385,5.384615384615385,2.4615384615384617,13.0,4
2026,Michael Lorenzen,michael lorenzen,547179.0,115,Colorado Rockies,2026-06-03,0.3076923076923077,6.153846153846154,4.923076923076923,13.0,1
2026,Davis Martin,davis martin,663436.0,145,Chicago White Sox,2026-06-02,0.8333333333333334,2.25,5.416666666666667,12.0,2
2026,Eduardo Rodriguez,eduardo rodriguez,593958.0,109,Arizona Diamondbacks,2026-06-01,0.75,2.6666666666666665,5.25,12.0,3
2026,Chase Burns,chase burns,695505.0,113,Cincinnati Reds,2026-06-03,0.6666666666666666,2.75,4.666666666666667,12.0,1
2026,Jacob Misiorowski,jacob misiorowski,694819.0,158,Milwaukee Brewers,2026-05-31,0.5833333333333334,2.8333333333333335,5.166666666666667,12.0,4
2026,Randy Vásquez,randy vásquez,681190.0,135,San Diego Padres,2026-06-02,0.6666666666666666,2.8333333333333335,3.5833333333333335,12.0,2
2026,Connelly Early,connelly early,813349.0,111,Boston Red Sox,2026-06-02,0.4166666666666667,3.0833333333333335,3.4166666666666665,12.0,2
2026,Jacob deGrom,jacob degrom,594798.0,140,Texas Rangers,2026-06-01,0.5833333333333334,3.0833333333333335,3.9166666666666665,12.0,3
2026,Grant Holmes,grant holmes,656550.0,144,Atlanta Braves,2026-06-03,0.75,3.1666666666666665,5.0,12.0,1
2026,Nick Martinez,nick martinez,607259.0,139,Tampa Bay Rays,2026-06-03,0.75,3.25,4.0,12.0,1
2026,Emerson Hancock,emerson hancock,676106.0,136,Seattle Mariners,2026-06-01,0.5833333333333334,3.5,4.666666666666667,12.0,3
2026,Tomoyuki Sugano,tomoyuki sugano,608372.0,115,Colorado Rockies,2026-06-02,0.5833333333333334,3.5833333333333335,5.0,12.0,2
2026,Parker Messick,parker messick,800048.0,114,Cleveland Guardians,2026-05-30,0.75,3.5833333333333335,4.083333333333333,12.0,5
2026,Robbie Ray,robbie ray,592662.0,137,San Francisco Giants,2026-05-31,0.5,3.6666666666666665,4.5,12.0,4
2026,Michael McGreevy,michael mcgreevy,700241.0,138,St. Louis Cardinals,2026-06-01,0.5,3.6666666666666665,3.1666666666666665,12.0,3
2026,Bryan Woo,bryan woo,693433.0,136,Seattle Mariners,2026-05-30,0.5833333333333334,3.75,5.083333333333333,12.0,5
2026,Nathan Eovaldi,nathan eovaldi,543135.0,140,Texas Rangers,2026-06-02,0.5,3.8333333333333335,4.0,12.0,2
2026,Michael King,michael king,650633.0,135,San Diego Padres,2026-05-30,0.4166666666666667,3.9166666666666665,3.0,12.0,5
2026,Michael Wacha,michael wacha,608379.0,118,Kansas City Royals,2026-05-31,0.3333333333333333,3.9166666666666665,3.5,12.0,4
2026,Jameson Taillon,jameson taillon,592791.0,112,Chicago Cubs,2026-06-02,0.5,3.9166666666666665,3.75,12.0,2
2026,Will Warren,will warren,701542.0,147,New York Yankees,2026-05-31,0.8333333333333334,4.083333333333333,7.083333333333333,12.0,4
2026,Walker Buehler,walker buehler,621111.0,135,San Diego Padres,2026-06-03,0.5833333333333334,4.083333333333333,4.583333333333333,12.0,1
2026,Michael Soroka,michael soroka,647336.0,109,Arizona Diamondbacks,2026-06-02,0.5833333333333334,4.083333333333333,3.5833333333333335,12.0,2
2026,Nolan McLean,nolan mclean,690997.0,121,New York Mets,2026-05-31,0.3333333333333333,4.166666666666667,4.333333333333333,12.0,4
2026,Jesús Luzardo,jesús luzardo,666200.0,143,Philadelphia Phillies,2026-05-30,0.5,4.25,3.9166666666666665,12.0,5
2026,Jack Leiter,jack leiter,683004.0,140,Texas Rangers,2026-05-31,0.5,4.25,4.333333333333333,12.0,4
2026,Andre Pallante,andre pallante,669467.0,138,St. Louis Cardinals,2026-06-03,0.5833333333333334,4.25,4.416666666666667,12.0,1
2026,Eury Pérez,eury pérez,691587.0,146,Miami Marlins,2026-05-27,0.4166666666666667,4.416666666666667,3.75,12.0,7
2026,Luis Severino,luis severino,622663.0,133,Athletics,2026-05-29,0.4166666666666667,4.5,3.1666666666666665,12.0,6
2026,Seth Lugo,seth lugo,607625.0,118,Kansas City Royals,2026-05-30,0.4166666666666667,4.583333333333333,4.75,12.0,5
2026,Foster Griffin,foster griffin,656492.0,120,Washington Nationals,2026-05-30,0.75,4.583333333333333,5.666666666666667,12.0,5
2026,Shota Imanaga,shota imanaga,684007.0,112,Chicago Cubs,2026-05-29,0.3333333333333333,4.666666666666667,4.166666666666667,12.0,6
2026,Framber Valdez,framber valdez,664285.0,116,Detroit Tigers,2026-05-30,0.4166666666666667,4.75,3.9166666666666665,12.0,5
2026,Shane Baz,shane baz,669358.0,110,Baltimore Orioles,2026-06-02,0.3333333333333333,4.75,3.5833333333333335,12.0,2
2026,Aaron Nola,aaron nola,605400.0,143,Philadelphia Phillies,2026-06-02,0.5,4.833333333333333,4.416666666666667,12.0,2
2026,Kyle Bradish,kyle bradish,680694.0,110,Baltimore Orioles,2026-05-31,0.4166666666666667,4.916666666666667,4.833333333333333,12.0,4
2026,Dustin May,dustin may,669160.0,138,St. Louis Cardinals,2026-06-02,0.4166666666666667,4.916666666666667,3.75,12.0,2
2026,Braxton Ashcraft,braxton ashcraft,677952.0,134,Pittsburgh Pirates,2026-05-31,0.5833333333333334,4.916666666666667,6.333333333333333,12.0,4
2026,Matthew Liberatore,matthew liberatore,669461.0,138,St. Louis Cardinals,2026-05-31,0.6666666666666666,5.0,5.25,12.0,4
2026,Cade Cavalli,cade cavalli,676917.0,120,Washington Nationals,2026-06-01,0.3333333333333333,5.333333333333333,5.916666666666667,12.0,3
2026,Mike Burrows,mike burrows,681347.0,117,Houston Astros,2026-06-02,0.25,5.333333333333333,3.6666666666666665,12.0,2
2026,Reid Detmers,reid detmers,672282.0,108,Los Angeles Angels,2026-05-30,0.3333333333333333,5.5,4.833333333333333,12.0,5
2026,Landen Roupp,landen roupp,694738.0,137,San Francisco Giants,2026-06-01,0.4166666666666667,5.666666666666667,2.8333333333333335,12.0,3
2026,Ryne Nelson,ryne nelson,669194.0,109,Arizona Diamondbacks,2026-05-30,0.3333333333333333,5.833333333333333,4.75,12.0,5
2026,Jack Kochanowicz,jack kochanowicz,686799.0,108,Los Angeles Angels,2026-05-31,0.25,5.833333333333333,4.166666666666667,12.0,4
2026,Bailey Ober,bailey ober,641927.0,142,Minnesota Twins,2026-05-30,0.5833333333333334,6.0,6.166666666666667,12.0,5
2026,Chris Sale,chris sale,519242.0,144,Atlanta Braves,2026-05-28,0.7272727272727273,1.8181818181818181,5.818181818181818,11.0,7
2026,Kyle Harrison,kyle harrison,690986.0,158,Milwaukee Brewers,2026-06-02,0.8181818181818182,2.090909090909091,5.636363636363637,11.0,2
2026,Yoshinobu Yamamoto,yoshinobu yamamoto,808967.0,119,Los Angeles Dodgers,2026-05-31,0.6363636363636364,2.4545454545454546,4.090909090909091,11.0,4
2026,Ryan Weathers,ryan weathers,677960.0,147,New York Yankees,2026-05-30,0.5454545454545454,3.5454545454545454,4.545454545454546,11.0,5
2026,Ranger Suarez,ranger suarez,624133.0,111,Boston Red Sox,2026-05-31,0.45454545454545453,3.5454545454545454,4.090909090909091,11.0,4
2026,Dylan Cease,dylan cease,656302.0,141,Toronto Blue Jays,2026-05-24,0.5454545454545454,3.6363636363636362,4.090909090909091,11.0,7
2026,Patrick Corbin,patrick corbin,571578.0,141,Toronto Blue Jays,2026-06-03,0.5454545454545454,3.6363636363636362,4.363636363636363,11.0,1
2026,Taj Bradley,taj bradley,671737.0,142,Minnesota Twins,2026-06-03,0.5454545454545454,3.727272727272727,4.545454545454546,11.0,1
2026,Emmet Sheehan,emmet sheehan,686218.0,119,Los Angeles Dodgers,2026-06-01,0.6363636363636364,4.0,4.7272727272727275,11.0,3
2026,Aaron Civale,aaron civale,650644.0,133,Athletics,2026-05-25,0.5454545454545454,4.0,3.8181818181818183,11.0,7
2026,Shane McClanahan,shane mcclanahan,663556.0,139,Tampa Bay Rays,2026-05-31,0.7272727272727273,4.090909090909091,6.0,11.0,4
2026,Janson Junk,janson junk,676083.0,146,Miami Marlins,2026-05-25,0.45454545454545453,4.090909090909091,3.6363636363636362,11.0,7
2026,Kyle Leahy,kyle leahy,681517.0,138,St. Louis Cardinals,2026-05-30,0.45454545454545453,4.545454545454546,4.363636363636363,11.0,5
2026,Tyler Mahle,tyler mahle,641816.0,137,San Francisco Giants,2026-05-26,0.2727272727272727,4.909090909090909,3.0,11.0,7
2026,Adrian Houser,adrian houser,605288.0,137,San Francisco Giants,2026-05-30,0.36363636363636365,5.363636363636363,4.818181818181818,11.0,5
2026,Keider Montero,keider montero,672456.0,116,Detroit Tigers,2026-05-31,0.36363636363636365,5.363636363636363,4.454545454545454,11.0,4
2026,Drew Rasmussen,drew rasmussen,656876.0,139,Tampa Bay Rays,2026-05-30,0.5454545454545454,5.454545454545454,4.545454545454546,11.0,5
2026,Bubba Chandler,bubba chandler,696149.0,134,Pittsburgh Pirates,2026-06-02,0.2727272727272727,5.545454545454546,3.8181818181818183,11.0,2
2026,Noah Cameron,noah cameron,702070.0,118,Kansas City Royals,2026-06-02,0.18181818181818182,5.636363636363637,3.6363636363636362,11.0,2
2026,Brady Singer,brady singer,663903.0,113,Cincinnati Reds,2026-05-30,0.45454545454545453,5.7272727272727275,4.454545454545454,11.0,5
2026,Jake Irvin,jake irvin,663623.0,120,Washington Nationals,2026-05-23,0.5454545454545454,5.818181818181818,4.818181818181818,11.0,7
2026,Trevor Rogers,trevor rogers,669432.0,110,Baltimore Orioles,2026-06-04,0.36363636363636365,6.2727272727272725,4.0,11.0,0
2026,Kyle Freeland,kyle freeland,607536.0,115,Colorado Rockies,2026-06-01,0.2727272727272727,6.818181818181818,3.727272727272727,11.0,3
2026,Shohei Ohtani,shohei ohtani,660271.0,119,Los Angeles Dodgers,2026-06-03,0.6,1.5,3.6,10.0,1
2026,Sonny Gray,sonny gray,543243.0,111,Boston Red Sox,2026-05-30,0.7,2.9,4.7,10.0,5
2026,J.T. Ginn,j.t. ginn,669372.0,133,Athletics,2026-05-30,0.7,2.9,4.8,10.0,5
2026,Spencer Arrighetti,spencer arrighetti,681293.0,117,Houston Astros,2026-06-03,0.9,3.1,5.5,10.0,1
2026,Anthony Kay,anthony kay,641743.0,145,Chicago White Sox,2026-05-30,0.7,3.7,5.1,10.0,5
2026,Edward Cabrera,edward cabrera,665795.0,112,Chicago Cubs,2026-05-20,0.7,4.0,5.4,10.0,7
2026,Max Fried,max fried,608331.0,147,New York Yankees,2026-05-13,0.5,4.2,4.5,10.0,7
2026,Roki Sasaki,roki sasaki,808963.0,119,Los Angeles Dodgers,2026-05-30,0.4,4.8,5.9,10.0,5
2026,Logan Webb,logan webb,657277.0,137,San Francisco Giants,2026-06-03,0.3,5.0,3.7,10.0,1
2026,Andrew Painter,andrew painter,691725.0,143,Philadelphia Phillies,2026-05-31,0.3,5.0,2.3,10.0,4
2026,Colin Rea,colin rea,607067.0,112,Chicago Cubs,2026-06-03,0.5,5.0,4.9,10.0,1
2026,Steven Matz,steven matz,571927.0,139,Tampa Bay Rays,2026-06-02,0.7,5.1,4.6,10.0,2
2026,Kumar Rocker,kumar rocker,677958.0,140,Texas Rangers,2026-05-30,0.3,5.1,3.3,10.0,5
2026,Luis Castillo,luis castillo,622491.0,136,Seattle Mariners,2026-05-25,0.4,5.2,4.4,10.0,7
2026,Sean Burke,sean burke,680732.0,145,Chicago White Sox,2026-05-31,0.3,5.7,4.4,10.0,4
2026,Chris Bassitt,chris bassitt,605135.0,110,Baltimore Orioles,2026-06-03,0.5,5.8,4.8,10.0,1
2026,Simeon Woods Richardson,simeon woods richardson,680573.0,142,Minnesota Twins,2026-05-28,0.1,6.2,3.3,10.0,7
2026,Jacob Lopez,jacob lopez,682052.0,133,Athletics,2026-05-31,0.5,7.2,7.0,10.0,4
2026,Justin Wrobleski,justin wrobleski,680736.0,119,Los Angeles Dodgers,2026-05-29,0.7777777777777778,2.4444444444444446,6.888888888888889,9.0,6
2026,Clay Holmes,clay holmes,605280.0,121,New York Mets,2026-05-15,0.5555555555555556,2.6666666666666665,3.7777777777777777,9.0,7
2026,Carmen Mlodzinski,carmen mlodzinski,669387.0,134,Pittsburgh Pirates,2026-05-25,0.6666666666666666,3.111111111111111,4.222222222222222,9.0,7
2026,Casey Mize,casey mize,663554.0,116,Detroit Tigers,2026-05-27,0.3333333333333333,3.111111111111111,3.0,9.0,7
2026,Kris Bubic,kris bubic,663460.0,118,Kansas City Royals,2026-05-14,0.6666666666666666,3.888888888888889,4.333333333333333,9.0,7
2026,Walbert Ureña,walbert ureña,700712.0,108,Los Angeles Angels,2026-06-03,0.4444444444444444,4.222222222222222,4.222222222222222,9.0,1
2026,Erick Fedde,erick fedde,607200.0,145,Chicago White Sox,2026-06-03,0.5555555555555556,4.444444444444445,4.555555555555555,9.0,1
2026,Brandon Sproat,brandon sproat,687075.0,158,Milwaukee Brewers,2026-05-30,0.5555555555555556,4.666666666666667,4.555555555555555,9.0,5
2026,Merrill Kelly,merrill kelly,518876.0,109,Arizona Diamondbacks,2026-05-31,0.5555555555555556,5.0,4.444444444444445,9.0,4
2026,Jose Quintana,jose quintana,500779.0,115,Colorado Rockies,2026-05-24,0.4444444444444444,5.444444444444445,4.444444444444445,9.0,7
2026,Chris Paddack,chris paddack,663978.0,113,Cincinnati Reds,2026-05-29,0.0,6.333333333333333,2.6666666666666665,9.0,6
2026,Zack Wheeler,zack wheeler,554430.0,143,Philadelphia Phillies,2026-06-04,0.875,2.75,4.875,8.0,0
2026,Martín Pérez,martín pérez,527048.0,144,Atlanta Braves,2026-05-30,0.5,3.125,4.25,8.0,5
2026,Brandon Young,brandon young,687064.0,110,Baltimore Orioles,2026-05-30,0.875,4.0,5.625,8.0,5
2026,PJ Poulin,pj poulin,676571.0,120,Washington Nationals,2026-05-27,0.5,4.375,4.25,8.0,7
2026,Eric Lauer,eric lauer,641778.0,119,Los Angeles Dodgers,2026-06-02,0.5,4.5,5.25,8.0,2
2026,Payton Tolle,payton tolle,801139.0,111,Boston Red Sox,2026-06-03,0.375,4.5,3.375,8.0,1
2026,Peter Lambert,peter lambert,663567.0,117,Houston Astros,2026-05-30,0.5,4.75,3.625,8.0,5
2026,Cole Ragans,cole ragans,666142.0,118,Kansas City Royals,2026-05-06,0.25,5.0,3.0,8.0,7
2026,Zack Littell,zack littell,641793.0,120,Washington Nationals,2026-05-31,0.625,5.75,5.375,8.0,4
2026,Rhett Lowder,rhett lowder,695076.0,113,Cincinnati Reds,2026-05-07,0.5,5.875,4.125,8.0,7
2026,Noah Schultz,noah schultz,702273.0,145,Chicago White Sox,2026-05-24,0.375,5.875,4.625,8.0,7
2026,Connor Prielipp,connor prielipp,687570.0,142,Minnesota Twins,2026-06-02,0.375,6.375,4.75,8.0,2
2026,Brayan Bello,brayan bello,678394.0,111,Boston Red Sox,2026-06-04,0.125,7.25,3.125,8.0,0
2026,Lance McCullers Jr.,lance mccullers jr.,621121.0,117,Houston Astros,2026-05-13,0.375,7.5,6.375,8.0,7
2026,Tarik Skubal,tarik skubal,669373.0,116,Detroit Tigers,2026-04-29,0.5714285714285714,2.5714285714285716,4.285714285714286,7.0,7
2026,Tyler Glasnow,tyler glasnow,607192.0,119,Los Angeles Dodgers,2026-05-06,0.8571428571428571,2.857142857142857,6.428571428571429,7.0,7
2026,Trey Yesavage,trey yesavage,702056.0,141,Toronto Blue Jays,2026-05-30,0.42857142857142855,3.2857142857142856,4.428571428571429,7.0,5
2026,Griffin Jax,griffin jax,643377.0,139,Tampa Bay Rays,2026-06-01,0.5714285714285714,4.142857142857143,4.857142857142857,7.0,3
2026,Christian Scott,christian scott,681035.0,121,New York Mets,2026-05-30,0.7142857142857143,4.428571428571429,5.857142857142857,7.0,5
2026,Tatsuya Imai,tatsuya imai,837227.0,117,Houston Astros,2026-05-31,0.42857142857142855,4.857142857142857,5.714285714285714,7.0,4
2026,Yusei Kikuchi,yusei kikuchi,579328.0,108,Los Angeles Angels,2026-04-29,0.14285714285714285,5.571428571428571,3.7142857142857144,7.0,7
2026,David Peterson,david peterson,656849.0,121,New York Mets,2026-05-26,0.2857142857142857,6.0,2.0,7.0,7
2026,Chad Patrick,chad patrick,694477.0,158,Milwaukee Brewers,2026-05-27,0.8333333333333334,2.1666666666666665,5.166666666666667,6.0,7
2026,Stephen Kolek,stephen kolek,663568.0,118,Kansas City Royals,2026-06-03,0.6666666666666666,3.3333333333333335,3.8333333333333335,6.0,1
2026,Brandon Woodruff,brandon woodruff,605540.0,158,Milwaukee Brewers,2026-04-30,0.6666666666666666,4.166666666666667,6.333333333333333,6.0,7
2026,Spencer Strider,spencer strider,675911.0,144,Atlanta Braves,2026-05-31,0.8333333333333334,4.166666666666667,6.833333333333333,6.0,4
2026,Germán Márquez,germán márquez,608566.0,135,San Diego Padres,2026-05-01,0.6666666666666666,4.5,4.833333333333333,6.0,7
2026,Garrett Crochet,garrett crochet,676979.0,111,Boston Red Sox,2026-04-25,0.5,4.666666666666667,5.833333333333333,6.0,7
2026,Griffin Canning,griffin canning,656288.0,135,San Diego Padres,2026-05-31,0.16666666666666666,4.666666666666667,1.8333333333333333,6.0,4
2026,Trevor McDonald,trevor mcdonald,686790.0,137,San Francisco Giants,2026-06-02,0.5,4.833333333333333,4.5,6.0,2
2026,Brandon Williamson,brandon williamson,682227.0,113,Cincinnati Reds,2026-04-29,0.5,5.166666666666667,2.8333333333333335,6.0,7
2026,Ryan Feltner,ryan feltner,663372.0,115,Colorado Rockies,2026-05-30,0.5,6.166666666666667,5.833333333333333,6.0,5
2026,Miles Mikolas,miles mikolas,571945.0,120,Washington Nationals,2026-05-12,0.5,6.5,6.5,6.0,7
2026,Ben Brown,ben brown,676962.0,112,Chicago Cubs,2026-05-30,0.6,1.8,3.6,5.0,5
2026,Carlos Rodón,carlos rodón,607074.0,147,New York Yankees,2026-06-04,0.4,3.0,3.2,5.0,0
2026,Logan Henderson,logan henderson,701656.0,158,Milwaukee Brewers,2026-05-22,0.6,3.2,3.0,5.0,7
2026,Kai-Wei Teng,kai-wei teng,678906.0,117,Houston Astros,2026-05-29,0.4,3.2,2.8,5.0,6
2026,Huascar Brazobán,huascar brazobán,623211.0,121,New York Mets,2026-06-02,0.6,4.0,3.6,5.0,2
2026,Reynaldo López,reynaldo lópez,625643.0,144,Atlanta Braves,2026-04-21,0.8,4.4,8.0,5.0,7
2026,JR Ritchie,jr ritchie,702275.0,144,Atlanta Braves,2026-05-18,0.6,4.6,3.8,5.0,7
2026,Matthew Boyd,matthew boyd,571510.0,112,Chicago Cubs,2026-05-03,0.6,5.4,6.4,5.0,7
2026,Nick Lodolo,nick lodolo,666157.0,113,Cincinnati Reds,2026-05-31,0.4,5.8,4.8,5.0,4
2026,Kodai Senga,kodai senga,673540.0,121,New York Mets,2026-04-26,0.2,6.2,3.0,5.0,7
2026,Max Scherzer,max scherzer,453286.0,141,Toronto Blue Jays,2026-04-24,0.2,7.4,3.4,5.0,7
2026,Grant Taylor,grant taylor,691799.0,145,Chicago White Sox,2026-04-12,0.75,3.5,4.5,4.0,7
2026,Lucas Giolito,lucas giolito,608337.0,135,San Diego Padres,2026-06-04,0.75,3.5,5.25,4.0,0
2026,Zebby Matthews,zebby matthews,805673.0,142,Minnesota Twins,2026-05-31,0.25,3.75,3.5,4.0,4
2026,Luis Gil,luis gil,661563.0,147,New York Yankees,2026-04-26,0.5,4.0,4.0,4.0,7
2026,Nick Pivetta,nick pivetta,601713.0,135,San Diego Padres,2026-04-12,0.5,4.5,4.25,4.0,7
2026,Grayson Rodriguez,grayson rodriguez,680570.0,108,Los Angeles Angels,2026-06-02,0.5,6.25,4.75,4.0,2
2026,Richard Lovelady,richard lovelady,663992.0,120,Washington Nationals,2026-06-02,0.0,6.75,4.25,4.0,2
2026,Taijuan Walker,taijuan walker,592836.0,143,Philadelphia Phillies,2026-04-17,0.25,7.25,1.75,4.0,7
2026,Mason Montgomery,mason montgomery,682254.0,134,Pittsburgh Pirates,2026-05-14,0.6666666666666666,2.0,3.6666666666666665,3.0,7
2026,Braydon Fisher,braydon fisher,680755.0,141,Toronto Blue Jays,2026-05-26,0.6666666666666666,2.3333333333333335,4.333333333333333,3.0,7
2026,Troy Melton,troy melton,675512.0,116,Detroit Tigers,2026-06-03,0.6666666666666666,2.3333333333333335,4.666666666666667,3.0,1
2026,Mick Abel,mick abel,690953.0,142,Minnesota Twins,2026-04-14,0.6666666666666666,2.6666666666666665,3.3333333333333335,3.0,7
2026,Bryce Miller,bryce miller,682243.0,136,Seattle Mariners,2026-05-31,0.3333333333333333,2.6666666666666665,2.3333333333333335,3.0,4
2026,Jovani Morán,jovani morán,663558.0,111,Boston Red Sox,2026-05-23,0.3333333333333333,3.0,4.333333333333333,3.0,7
2026,Gerrit Cole,gerrit cole,543037.0,147,New York Yankees,2026-06-03,0.3333333333333333,3.0,4.333333333333333,3.0,1
2026,Jesse Scholtens,jesse scholtens,669947.0,139,Tampa Bay Rays,2026-05-08,0.3333333333333333,3.6666666666666665,3.0,3.0,7
2026,Coleman Crow,coleman crow,689441.0,158,Milwaukee Brewers,2026-05-29,1.0,3.6666666666666665,5.0,3.0,6
2026,Cade Povich,cade povich,700249.0,110,Baltimore Orioles,2026-05-07,0.3333333333333333,4.333333333333333,3.6666666666666665,3.0,7
2026,Brandon Pfaadt,brandon pfaadt,694297.0,109,Arizona Diamondbacks,2026-04-11,0.6666666666666666,4.666666666666667,5.333333333333333,3.0,7
2026,Chase Dollander,chase dollander,801403.0,115,Colorado Rockies,2026-05-14,0.6666666666666666,4.666666666666667,4.666666666666667,3.0,7
2026,Elmer Rodríguez,elmer rodríguez,695684.0,147,New York Yankees,2026-05-17,0.3333333333333333,4.666666666666667,4.333333333333333,3.0,7
2026,Cody Bolton,cody bolton,675989.0,117,Houston Astros,2026-05-03,0.3333333333333333,5.333333333333333,3.6666666666666665,3.0,7
2026,Javier Assad,javier assad,665871.0,112,Chicago Cubs,2026-04-19,0.6666666666666666,5.333333333333333,6.0,3.0,7
2026,Bryan Hudson,bryan hudson,663542.0,145,Chicago White Sox,2026-05-23,0.3333333333333333,5.333333333333333,3.0,3.0,7
2026,Robert Gasser,robert gasser,688107.0,158,Milwaukee Brewers,2026-06-03,0.0,5.666666666666667,2.3333333333333335,3.0,1
2026,Matt Waldron,matt waldron,663362.0,135,San Diego Padres,2026-04-29,0.3333333333333333,7.0,4.666666666666667,3.0,7
2026,Joe Boyle,joe boyle,671212.0,139,Tampa Bay Rays,2026-04-08,0.0,7.333333333333333,3.6666666666666665,3.0,7
2026,Shane Smith,shane smith,681343.0,145,Chicago White Sox,2026-04-07,0.0,9.333333333333334,1.3333333333333333,3.0,7
2026,Cristian Javier,cristian javier,664299.0,117,Houston Astros,2026-04-08,0.3333333333333333,9.666666666666666,5.333333333333333,3.0,7
2026,Tobias Myers,tobias myers,668964.0,121,New York Mets,2026-05-22,0.0,2.0,1.0,2.0,7
2026,Hunter Brown,hunter brown,686613.0,117,Houston Astros,2026-03-31,0.5,2.5,4.5,2.0,7
2026,Brenan Hanifee,brenan hanifee,669724.0,116,Detroit Tigers,2026-05-15,1.0,2.5,4.5,2.0,7
2026,Keegan Akin,keegan akin,669211.0,110,Baltimore Orioles,2026-05-22,1.0,2.5,4.5,2.0,7
2026,Gage Jump,gage jump,695611.0,133,Athletics,2026-06-02,0.5,2.5,1.5,2.0,2
2026,Cade Horton,cade horton,690990.0,112,Chicago Cubs,2026-04-03,0.5,3.0,5.5,2.0,7
2026,Tyler Holton,tyler holton,663947.0,116,Detroit Tigers,2026-05-04,0.5,3.0,5.5,2.0,7
2026,Tyler Phillips,tyler phillips,663969.0,146,Miami Marlins,2026-05-30,0.5,3.0,2.5,2.0,5
2026,Luinder Avila,luinder avila,679883.0,118,Kansas City Royals,2026-06-01,0.5,3.5,5.5,2.0,3
2026,Mason Fluharty,mason fluharty,689254.0,141,Toronto Blue Jays,2026-05-16,0.5,3.5,2.5,2.0,7
2026,Shane Drohan,shane drohan,675660.0,158,Milwaukee Brewers,2026-06-01,0.5,3.5,8.0,2.0,3
2026,Bradgley Rodriguez,bradgley rodriguez,699134.0,135,San Diego Padres,2026-05-12,0.5,3.5,4.5,2.0,7
2026,Jimmy Herget,jimmy herget,623474.0,115,Colorado Rockies,2026-04-21,0.0,4.0,1.5,2.0,7
2026,Jake Bennett,jake bennett,687562.0,111,Boston Red Sox,2026-05-07,0.5,4.5,3.5,2.0,7
2026,Brennan Bernardino,brennan bernardino,657514.0,115,Colorado Rockies,2026-05-02,0.0,5.5,1.0,2.0,7
2026,Dean Kremer,dean kremer,665152.0,110,Baltimore Orioles,2026-04-18,0.5,5.5,5.5,2.0,7
2026,Brent Suter,brent suter,608718.0,108,Los Angeles Angels,2026-05-11,0.5,5.5,6.5,2.0,7
2026,Ryan Weiss,ryan weiss,680802.0,117,Houston Astros,2026-04-21,0.0,5.5,3.5,2.0,7
2026,Chase Petty,chase petty,695534.0,113,Cincinnati Reds,2026-05-23,0.5,5.5,5.5,2.0,7
2026,Jason Alexander,jason alexander,669920.0,117,Houston Astros,2026-05-26,0.5,5.5,4.5,2.0,7
2026,David Sandlin,david sandlin,689818.0,145,Chicago White Sox,2026-06-01,0.5,5.5,10.5,2.0,3
2026,Trey Gibson,trey gibson,694346.0,110,Baltimore Orioles,2026-05-27,0.5,6.5,7.0,2.0,7
2026,George Klassen,george klassen,691946.0,108,Los Angeles Angels,2026-04-11,0.5,7.0,5.5,2.0,7
2026,Spencer Miles,spencer miles,693686.0,141,Toronto Blue Jays,2026-05-31,0.0,7.5,3.0,2.0,4
2026,Luis Morales,luis morales,806960.0,133,Athletics,2026-04-04,0.0,8.0,1.0,2.0,7
2026,Braxton Garrett,braxton garrett,666129.0,146,Miami Marlins,2026-05-19,0.0,8.5,2.5,2.0,7
2026,Jordan Wicks,jordan wicks,696136.0,112,Chicago Cubs,2026-05-31,0.0,8.5,1.0,2.0,4
2026,Bailey Falter,bailey falter,663559.0,118,Kansas City Royals,2026-05-26,0.0,11.0,1.0,2.0,7
2026,Tanner Gordon,tanner gordon,685299.0,115,Colorado Rockies,2026-05-31,0.0,12.0,4.5,2.0,4
2026,Will Klein,will klein,694361.0,119,Los Angeles Dodgers,2026-05-15,1.0,0.0,6.0,1.0,7
2026,Tyler Alexander,tyler alexander,641302.0,140,Texas Rangers,2026-05-19,1.0,0.0,10.0,1.0,7
2026,Jakob Junis,jakob junis,596001.0,140,Texas Rangers,2026-05-11,0.0,1.0,0.0,1.0,7
2026,Juan Mejia,juan mejia,675848.0,115,Colorado Rockies,2026-04-16,1.0,2.0,3.0,1.0,7
2026,Paul Blackburn,paul blackburn,621112.0,147,New York Yankees,2026-05-07,1.0,2.0,9.0,1.0,7
2026,Ian Seymour,ian seymour,693855.0,139,Tampa Bay Rays,2026-05-15,1.0,2.0,7.0,1.0,7
2026,Zach Agnos,zach agnos,688642.0,115,Colorado Rockies,2026-05-21,0.0,2.0,1.0,1.0,7
2026,Luis Medina,luis medina,665622.0,133,Athletics,2026-05-24,1.0,2.0,5.0,1.0,7
2026,Sam Aldegheri,sam aldegheri,691951.0,108,Los Angeles Angels,2026-05-05,1.0,3.0,4.0,1.0,7
2026,Robby Snelling,robby snelling,702281.0,146,Miami Marlins,2026-05-08,0.0,3.0,2.0,1.0,7
2026,Kendry Rojas,kendry rojas,696070.0,142,Minnesota Twins,2026-05-18,1.0,3.0,6.0,1.0,7
2026,nan,nan,,116,Detroit Tigers,2026-05-20,0.0,3.0,2.0,1.0,7
2026,Austin Warren,austin warren,681810.0,121,New York Mets,2026-06-01,0.0,3.0,2.0,1.0,3
2026,Lake Bachar,lake bachar,669199.0,146,Miami Marlins,2026-06-02,1.0,3.0,7.0,1.0,2
2026,Jacob Latz,jacob latz,656641.0,140,Texas Rangers,2026-03-28,1.0,4.0,5.0,1.0,7
2026,Zach Pop,zach pop,647315.0,143,Philadelphia Phillies,2026-04-12,0.0,4.0,3.0,1.0,7
2026,Riley Martin,riley martin,702303.0,112,Chicago Cubs,2026-04-14,1.0,4.0,10.0,1.0,7
2026,Andrew Morris,andrew morris,702193.0,142,Minnesota Twins,2026-05-10,1.0,4.0,5.0,1.0,7
2026,Tyler Samaniego,tyler samaniego,701719.0,111,Boston Red Sox,2026-05-29,0.0,4.0,3.0,1.0,6
2026,Andrew Alvarez,andrew alvarez,674841.0,120,Washington Nationals,2026-06-03,0.0,4.0,1.0,1.0,1
2026,José Suarez,josé suarez,660761.0,144,Atlanta Braves,2026-03-31,0.0,5.0,2.0,1.0,7
2026,Jordan Leasure,jordan leasure,673929.0,145,Chicago White Sox,2026-04-16,0.0,5.0,3.0,1.0,7
2026,DL Hall,dl hall,669084.0,158,Milwaukee Brewers,2026-04-22,0.0,5.0,2.0,1.0,7
2026,Hunter Dobbins,hunter dobbins,690928.0,138,St. Louis Cardinals,2026-04-30,1.0,5.0,10.0,1.0,7
2026,Tim Mayza,tim mayza,641835.0,143,Philadelphia Phillies,2026-04-30,1.0,5.0,6.0,1.0,7
2026,Burch Smith,burch smith,572143.0,116,Detroit Tigers,2026-05-09,0.0,5.0,1.0,1.0,7
2026,Jared Jones,jared jones,683003.0,134,Pittsburgh Pirates,2026-05-29,1.0,5.0,6.0,1.0,6
2026,Adam Macko,adam macko,671936.0,141,Toronto Blue Jays,2026-05-29,1.0,5.0,6.0,1.0,6
2026,Pete Fairbanks,pete fairbanks,664126.0,146,Miami Marlins,2026-04-05,1.0,6.0,7.0,1.0,7
2026,Didier Fuentes,didier fuentes,800311.0,144,Atlanta Braves,2026-04-22,1.0,6.0,8.0,1.0,7
2026,Ryan Johnson,ryan johnson,696270.0,108,Los Angeles Angels,2026-03-30,0.0,7.0,2.0,1.0,7
2026,Aaron Ashby,aaron ashby,676879.0,158,Milwaukee Brewers,2026-04-10,0.0,7.0,3.0,1.0,7
2026,Kyle Backhus,kyle backhus,679775.0,143,Philadelphia Phillies,2026-04-22,0.0,7.0,2.0,1.0,7
2026,Blake Snell,blake snell,605483.0,119,Los Angeles Dodgers,2026-05-09,0.0,7.0,2.0,1.0,7
2026,Paxton Schultz,paxton schultz,687606.0,120,Washington Nationals,2026-05-29,0.0,7.0,5.0,1.0,6
2026,Zach Eflin,zach eflin,621107.0,110,Baltimore Orioles,2026-03-31,0.0,8.0,5.0,1.0,7
2026,Steven Okert,steven okert,595345.0,117,Houston Astros,2026-05-04,0.0,8.0,3.0,1.0,7
2026,Zach Thornton,zach thornton,804267.0,121,New York Mets,2026-05-20,0.0,8.0,4.0,1.0,7
2026,Justin Verlander,justin verlander,434378.0,116,Detroit Tigers,2026-03-30,0.0,9.0,6.0,1.0,7
2026,Mason Englert,mason englert,669438.0,139,Tampa Bay Rays,2026-04-07,0.0,9.0,2.0,1.0,7
2026,Ty Madden,ty madden,680744.0,116,Detroit Tigers,2026-06-01,1.0,9.0,10.0,1.0,3
2026,Lyon Richardson,lyon richardson,680689.0,113,Cincinnati Reds,2026-06-01,0.0,9.0,2.0,1.0,3
2026,Sammy Peralta,sammy peralta,671111.0,115,Colorado Rockies,2026-05-19,0.0,10.0,0.0,1.0,7
2026,John King,john king,667463.0,146,Miami Marlins,2026-05-31,0.0,10.0,1.0,1.0,4
2026,Cody Ponce,cody ponce,664074.0,141,Toronto Blue Jays,2026-03-30,0.0,14.0,5.0,1.0,7
2025,Tarik Skubal,tarik skubal,669373.0,116,Detroit Tigers,2025-10-10,0.6470588235294118,2.8823529411764706,4.205882352941177,30.0,7
2025,Hunter Brown,hunter brown,686613.0,117,Houston Astros,2025-09-24,0.5806451612903226,2.903225806451613,3.870967741935484,30.0,7
2025,Paul Skenes,paul skenes,694973.0,134,Pittsburgh Pirates,2025-09-24,0.53125,2.90625,3.375,30.0,7
2025,Garrett Crochet,garrett crochet,676979.0,111,Boston Red Sox,2025-09-30,0.7272727272727273,3.0,5.242424242424242,30.0,7
2025,Yoshinobu Yamamoto,yoshinobu yamamoto,808967.0,119,Los Angeles Dodgers,2025-10-31,0.6,3.2285714285714286,4.171428571428572,30.0,7
2025,Nick Pivetta,nick pivetta,601713.0,135,San Diego Padres,2025-09-30,0.59375,3.25,4.125,30.0,7
2025,Cristopher Sánchez,cristopher sánchez,650911.0,143,Philadelphia Phillies,2025-10-09,0.6764705882352942,3.2941176470588234,4.588235294117647,30.0,7
2025,Bryan Woo,bryan woo,693433.0,136,Seattle Mariners,2025-09-19,0.5666666666666667,3.3333333333333335,4.666666666666667,30.0,7
2025,Drew Rasmussen,drew rasmussen,656876.0,139,Tampa Bay Rays,2025-09-25,0.5161290322580645,3.4193548387096775,4.064516129032258,30.0,7
2025,Jacob deGrom,jacob degrom,594798.0,140,Texas Rangers,2025-09-24,0.5333333333333333,3.433333333333333,4.9,30.0,7
2025,Freddy Peralta,freddy peralta,642547.0,158,Milwaukee Brewers,2025-10-14,0.5833333333333334,3.4444444444444446,4.777777777777778,30.0,7
2025,Framber Valdez,framber valdez,664285.0,117,Houston Astros,2025-09-25,0.5483870967741935,3.5483870967741935,3.4838709677419355,30.0,7
2025,Robbie Ray,robbie ray,592662.0,137,San Francisco Giants,2025-09-19,0.6875,3.59375,4.84375,30.0,7
2025,Matthew Boyd,matthew boyd,571510.0,112,Chicago Cubs,2025-10-09,0.5294117647058824,3.6176470588235294,4.705882352941177,30.0,7
2025,Logan Webb,logan webb,657277.0,137,San Francisco Giants,2025-09-28,0.5294117647058824,3.676470588235294,4.382352941176471,30.0,7
2025,Clay Holmes,clay holmes,605280.0,121,New York Mets,2025-09-27,0.5806451612903226,3.806451612903226,4.806451612903226,30.0,7
2025,Kevin Gausman,kevin gausman,592332.0,141,Toronto Blue Jays,2025-10-31,0.4864864864864865,3.810810810810811,4.621621621621622,30.0,7
2025,Max Fried,max fried,608331.0,147,New York Yankees,2025-10-05,0.6470588235294118,3.823529411764706,5.9411764705882355,30.0,7
2025,Dylan Cease,dylan cease,656302.0,135,San Diego Padres,2025-10-01,0.5454545454545454,3.8484848484848486,4.484848484848484,30.0,7
2025,Tanner Bibee,tanner bibee,676440.0,114,Cleveland Guardians,2025-10-01,0.59375,3.875,4.375,30.0,7
2025,Luis Castillo,luis castillo,622491.0,136,Seattle Mariners,2025-10-16,0.5882352941176471,4.0,4.735294117647059,30.0,7
2025,Michael Wacha,michael wacha,608379.0,118,Kansas City Royals,2025-09-27,0.4838709677419355,4.032258064516129,3.129032258064516,30.0,7
2025,Brady Singer,brady singer,663903.0,113,Cincinnati Reds,2025-09-28,0.5454545454545454,4.0606060606060606,4.545454545454546,30.0,7
2025,Gavin Williams,gavin williams,668909.0,114,Cleveland Guardians,2025-09-30,0.53125,4.09375,3.75,30.0,7
2025,Merrill Kelly,merrill kelly,518876.0,140,Texas Rangers,2025-09-21,0.5,4.1875,4.40625,30.0,7
2025,Shane Baz,shane baz,669358.0,139,Tampa Bay Rays,2025-09-24,0.5161290322580645,4.193548387096774,4.870967741935484,30.0,7
2025,Carlos Rodón,carlos rodón,607074.0,147,New York Yankees,2025-10-07,0.6,4.2,5.457142857142857,30.0,7
2025,Tomoyuki Sugano,tomoyuki sugano,608372.0,110,Baltimore Orioles,2025-09-27,0.5333333333333333,4.3,4.266666666666667,30.0,7
2025,Joe Ryan,joe ryan,657746.0,142,Minnesota Twins,2025-09-26,0.46875,4.3125,3.5625,30.0,7
2025,Ryan Pepiot,ryan pepiot,686752.0,139,Tampa Bay Rays,2025-09-23,0.41935483870967744,4.354838709677419,3.967741935483871,30.0,7
2025,Kyle Hendricks,kyle hendricks,543294.0,108,Los Angeles Angels,2025-09-26,0.4838709677419355,4.354838709677419,4.419354838709677,30.0,7
2025,Mitch Keller,mitch keller,656605.0,134,Pittsburgh Pirates,2025-09-26,0.375,4.375,3.65625,30.0,7
2025,David Peterson,david peterson,656849.0,121,New York Mets,2025-09-23,0.5,4.4,4.066666666666666,30.0,7
2025,Casey Mize,casey mize,663554.0,116,Detroit Tigers,2025-10-08,0.6333333333333333,4.466666666666667,5.733333333333333,30.0,7
2025,Patrick Corbin,patrick corbin,571578.0,140,Texas Rangers,2025-09-28,0.4666666666666667,4.466666666666667,4.433333333333334,30.0,7
2025,Sonny Gray,sonny gray,543243.0,138,St. Louis Cardinals,2025-09-24,0.65625,4.46875,5.03125,30.0,7
2025,Zack Littell,zack littell,641793.0,113,Cincinnati Reds,2025-10-01,0.5151515151515151,4.484848484848484,4.9393939393939394,30.0,7
2025,Jesús Luzardo,jesús luzardo,666200.0,143,Philadelphia Phillies,2025-10-06,0.5454545454545454,4.545454545454546,5.545454545454546,30.0,7
2025,Chris Bassitt,chris bassitt,605135.0,141,Toronto Blue Jays,2025-09-18,0.5161290322580645,4.67741935483871,4.129032258064516,30.0,7
2025,Jeffrey Springs,jeffrey springs,605488.0,133,Athletics,2025-09-23,0.5,4.733333333333333,4.633333333333334,30.0,7
2025,Andre Pallante,andre pallante,669467.0,138,St. Louis Cardinals,2025-09-23,0.3870967741935484,4.774193548387097,3.967741935483871,30.0,7
2025,Miles Mikolas,miles mikolas,571945.0,138,St. Louis Cardinals,2025-09-26,0.45161290322580644,4.806451612903226,3.967741935483871,30.0,7
2025,Zac Gallen,zac gallen,668678.0,109,Arizona Diamondbacks,2025-09-26,0.48484848484848486,4.878787878787879,4.484848484848484,30.0,7
2025,José Berríos,josé berríos,621244.0,141,Toronto Blue Jays,2025-09-16,0.6666666666666666,4.9,5.933333333333334,30.0,7
2025,Sandy Alcantara,sandy alcantara,645261.0,146,Miami Marlins,2025-09-26,0.4838709677419355,5.096774193548387,4.258064516129032,30.0,7
2025,José Soriano,josé soriano,667755.0,108,Los Angeles Angels,2025-09-17,0.45161290322580644,5.096774193548387,4.290322580645161,30.0,7
2025,MacKenzie Gore,mackenzie gore,669022.0,120,Washington Nationals,2025-09-22,0.3333333333333333,5.1,3.8333333333333335,30.0,7
2025,Eduardo Rodriguez,eduardo rodriguez,593958.0,109,Arizona Diamondbacks,2025-09-27,0.5,5.166666666666667,5.333333333333333,30.0,7
2025,Brandon Pfaadt,brandon pfaadt,694297.0,109,Arizona Diamondbacks,2025-09-28,0.48484848484848486,5.212121212121212,5.545454545454546,30.0,7
2025,Will Warren,will warren,701542.0,147,New York Yankees,2025-09-26,0.5151515151515151,5.2727272727272725,5.0,30.0,7
2025,Jack Flaherty,jack flaherty,656427.0,116,Detroit Tigers,2025-10-07,0.30303030303030304,5.363636363636363,4.2727272727272725,30.0,7
2025,Yusei Kikuchi,yusei kikuchi,579328.0,108,Los Angeles Angels,2025-09-24,0.45454545454545453,5.515151515151516,4.0606060606060606,30.0,7
2025,Jake Irvin,jake irvin,663623.0,120,Washington Nationals,2025-09-27,0.45454545454545453,5.696969696969697,4.696969696969697,30.0,7
2025,Kyle Freeland,kyle freeland,607536.0,115,Colorado Rockies,2025-09-27,0.2903225806451613,6.0,3.0,30.0,7
2025,Mitchell Parker,mitchell parker,680730.0,120,Washington Nationals,2025-09-15,0.43333333333333335,6.0,4.633333333333334,30.0,7
2025,Nick Lodolo,nick lodolo,666157.0,113,Cincinnati Reds,2025-09-25,0.5517241379310345,3.689655172413793,4.0344827586206895,29.0,7
2025,Andrew Abbott,andrew abbott,671096.0,113,Cincinnati Reds,2025-09-27,0.5862068965517241,3.8620689655172415,4.137931034482759,29.0,7
2025,Jack Leiter,jack leiter,683004.0,140,Texas Rangers,2025-09-26,0.3793103448275862,3.896551724137931,3.793103448275862,29.0,7
2025,Brayan Bello,brayan bello,678394.0,111,Boston Red Sox,2025-10-01,0.5172413793103449,4.310344827586207,5.413793103448276,29.0,7
2025,Matthew Liberatore,matthew liberatore,669461.0,138,St. Louis Cardinals,2025-09-21,0.4827586206896552,4.344827586206897,4.310344827586207,29.0,7
2025,Dean Kremer,dean kremer,665152.0,110,Baltimore Orioles,2025-09-23,0.4482758620689655,4.551724137931035,4.517241379310345,29.0,7
2025,Justin Verlander,justin verlander,434378.0,137,San Francisco Giants,2025-09-27,0.3448275862068966,4.551724137931035,3.9655172413793105,29.0,7
2025,Shane Smith,shane smith,681343.0,145,Chicago White Sox,2025-09-28,0.3103448275862069,4.586206896551724,3.8275862068965516,29.0,7
2025,Luis Severino,luis severino,622663.0,133,Athletics,2025-09-24,0.41379310344827586,5.517241379310345,4.758620689655173,29.0,7
2025,Logan Gilbert,logan gilbert,669302.0,136,Seattle Mariners,2025-10-19,0.6071428571428571,4.214285714285714,5.0,28.0,7
2025,Bryce Elder,bryce elder,693821.0,144,Atlanta Braves,2025-09-24,0.4642857142857143,4.214285714285714,4.25,28.0,7
2025,Chris Paddack,chris paddack,663978.0,116,Detroit Tigers,2025-09-28,0.32142857142857145,4.571428571428571,3.1785714285714284,28.0,7
2025,Logan Allen,logan allen,671106.0,114,Cleveland Guardians,2025-09-28,0.5,4.607142857142857,3.9285714285714284,28.0,7
2025,George Kirby,george kirby,669923.0,136,Seattle Mariners,2025-10-20,0.5185185185185185,4.222222222222222,4.111111111111111,27.0,7
2025,Colin Rea,colin rea,607067.0,112,Chicago Cubs,2025-09-26,0.6296296296296297,4.666666666666667,5.777777777777778,27.0,7
2025,JP Sears,jp sears,676664.0,135,San Diego Padres,2025-09-28,0.4444444444444444,4.888888888888889,4.7407407407407405,27.0,7
2025,Charlie Morton,charlie morton,450203.0,144,Atlanta Braves,2025-09-28,0.4444444444444444,5.2592592592592595,4.222222222222222,27.0,7
2025,Taj Bradley,taj bradley,671737.0,142,Minnesota Twins,2025-09-24,0.37037037037037035,5.703703703703703,5.0,27.0,7
2025,Lucas Giolito,lucas giolito,608337.0,111,Boston Red Sox,2025-09-23,0.6923076923076923,3.4615384615384617,5.269230769230769,26.0,7
2025,Ranger Suarez,ranger suarez,624133.0,143,Philadelphia Phillies,2025-09-27,0.6153846153846154,3.5,4.076923076923077,26.0,7
2025,Randy Vásquez,randy vásquez,681190.0,135,San Diego Padres,2025-09-23,0.6538461538461539,3.6923076923076925,3.730769230769231,26.0,7
2025,Michael Lorenzen,michael lorenzen,547179.0,118,Kansas City Royals,2025-09-25,0.5769230769230769,4.0,4.6923076923076925,26.0,7
2025,Shota Imanaga,shota imanaga,684007.0,112,Chicago Cubs,2025-10-06,0.5,4.076923076923077,3.730769230769231,26.0,7
2025,Edward Cabrera,edward cabrera,665795.0,146,Miami Marlins,2025-09-28,0.5769230769230769,4.076923076923077,4.269230769230769,26.0,7
2025,Seth Lugo,seth lugo,607625.0,118,Kansas City Royals,2025-08-29,0.5384615384615384,4.115384615384615,4.615384615384615,26.0,7
2025,Nick Martinez,nick martinez,607259.0,113,Cincinnati Reds,2025-08-26,0.4230769230769231,4.423076923076923,4.384615384615385,26.0,7
2025,Tyler Anderson,tyler anderson,542881.0,108,Los Angeles Angels,2025-08-29,0.46153846153846156,4.423076923076923,4.153846153846154,26.0,7
2025,Bailey Ober,bailey ober,641927.0,142,Minnesota Twins,2025-09-25,0.38461538461538464,4.6923076923076925,3.8846153846153846,26.0,7
2025,Cal Quantrill,cal quantrill,615698.0,144,Atlanta Braves,2025-08-28,0.5,5.038461538461538,4.346153846153846,26.0,7
2025,Germán Márquez,germán márquez,608566.0,115,Colorado Rockies,2025-09-26,0.23076923076923078,6.769230769230769,4.038461538461538,26.0,7
2025,Quinn Priester,quinn priester,682990.0,158,Milwaukee Brewers,2025-10-08,0.68,3.16,4.4,25.0,7
2025,Jameson Taillon,jameson taillon,592791.0,112,Chicago Cubs,2025-10-08,0.6,3.36,4.52,25.0,7
2025,Jose Quintana,jose quintana,500779.0,158,Milwaukee Brewers,2025-10-17,0.6,3.76,5.24,25.0,7
2025,Davis Martin,davis martin,663436.0,145,Chicago White Sox,2025-09-25,0.36,4.72,3.92,25.0,7
2025,Noah Cameron,noah cameron,702070.0,118,Kansas City Royals,2025-09-26,0.4583333333333333,3.2916666666666665,3.3333333333333335,24.0,7
2025,Zack Wheeler,zack wheeler,554430.0,143,Philadelphia Phillies,2025-08-15,0.6666666666666666,3.4166666666666665,4.75,24.0,7
2025,Bailey Falter,bailey falter,663559.0,118,Kansas City Royals,2025-08-11,0.5416666666666666,3.9583333333333335,4.25,24.0,7
2025,Walker Buehler,walker buehler,621111.0,143,Philadelphia Phillies,2025-09-25,0.5833333333333334,4.0,4.541666666666667,24.0,7
2025,Slade Cecconi,slade cecconi,677944.0,114,Cleveland Guardians,2025-10-02,0.5,4.291666666666667,4.0,24.0,7
2025,Erick Fedde,erick fedde,607200.0,144,Atlanta Braves,2025-08-17,0.2916666666666667,5.333333333333333,3.5416666666666665,24.0,7
2025,Chad Patrick,chad patrick,694477.0,158,Milwaukee Brewers,2025-09-24,0.34782608695652173,3.9130434782608696,3.608695652173913,23.0,7
2025,Ryne Nelson,ryne nelson,669194.0,109,Arizona Diamondbacks,2025-09-24,0.4782608695652174,4.739130434782608,4.6521739130434785,23.0,7
2025,Spencer Strider,spencer strider,675911.0,144,Atlanta Braves,2025-09-27,0.30434782608695654,4.826086956521739,4.304347826086956,23.0,7
2025,Andrew Heaney,andrew heaney,571760.0,134,Pittsburgh Pirates,2025-08-11,0.30434782608695654,4.956521739130435,2.9565217391304346,23.0,7
2025,Dustin May,dustin may,669160.0,111,Boston Red Sox,2025-08-30,0.43478260869565216,5.086956521739131,4.826086956521739,23.0,7
2025,Jack Kochanowicz,jack kochanowicz,686799.0,108,Los Angeles Angels,2025-08-27,0.43478260869565216,6.043478260869565,4.3478260869565215,23.0,7
2025,Antonio Senzatela,antonio senzatela,622608.0,115,Colorado Rockies,2025-08-22,0.34782608695652173,7.173913043478261,4.173913043478261,23.0,7
2025,Nathan Eovaldi,nathan eovaldi,543135.0,140,Texas Rangers,2025-08-22,0.6818181818181818,2.8181818181818183,4.318181818181818,22.0,7
2025,Kodai Senga,kodai senga,673540.0,121,New York Mets,2025-08-31,0.6363636363636364,2.8636363636363638,4.7727272727272725,22.0,7
2025,Cade Horton,cade horton,690990.0,112,Chicago Cubs,2025-09-23,0.6363636363636364,3.3636363636363638,4.7272727272727275,22.0,7
2025,Landen Roupp,landen roupp,694738.0,137,San Francisco Giants,2025-08-20,0.5454545454545454,3.772727272727273,3.9545454545454546,22.0,7
2025,Simeon Woods Richardson,simeon woods richardson,680573.0,142,Minnesota Twins,2025-09-28,0.5909090909090909,4.181818181818182,5.181818181818182,22.0,7
2025,Clayton Kershaw,clayton kershaw,477132.0,119,Los Angeles Dodgers,2025-09-28,0.7272727272727273,4.181818181818182,5.954545454545454,22.0,7
2025,Sean Burke,sean burke,680732.0,145,Chicago White Sox,2025-09-21,0.4090909090909091,4.636363636363637,4.090909090909091,22.0,7
2025,Adrian Houser,adrian houser,605288.0,139,Tampa Bay Rays,2025-09-26,0.6190476190476191,3.0476190476190474,3.9523809523809526,21.0,7
2025,Tyler Glasnow,tyler glasnow,607192.0,119,Los Angeles Dodgers,2025-10-27,0.6190476190476191,3.238095238095238,4.0476190476190474,21.0,7
2025,Grant Holmes,grant holmes,656550.0,144,Atlanta Braves,2025-07-26,0.3333333333333333,4.523809523809524,3.857142857142857,21.0,7
2025,Bryce Miller,bryce miller,682243.0,136,Seattle Mariners,2025-10-17,0.5238095238095238,4.761904761904762,4.428571428571429,21.0,7
2025,Taijuan Walker,taijuan walker,592836.0,143,Philadelphia Phillies,2025-09-19,0.5238095238095238,4.809523809523809,5.0,21.0,7
2025,Chase Dollander,chase dollander,801403.0,115,Colorado Rockies,2025-09-08,0.23809523809523808,5.333333333333333,3.7142857142857144,21.0,7
2025,Chris Sale,chris sale,519242.0,144,Atlanta Braves,2025-09-22,0.55,2.85,4.2,20.0,7
2025,Kris Bubic,kris bubic,663460.0,118,Kansas City Royals,2025-07-26,0.55,3.15,4.0,20.0,7
2025,Hunter Greene,hunter greene,668881.0,113,Cincinnati Reds,2025-09-30,0.55,4.2,3.95,20.0,7
2025,Eury Pérez,eury pérez,691587.0,146,Miami Marlins,2025-09-27,0.55,5.1,5.3,20.0,7
2025,Max Scherzer,max scherzer,453286.0,141,Toronto Blue Jays,2025-11-01,0.5,5.45,4.6,20.0,7
2025,Cade Povich,cade povich,700249.0,110,Baltimore Orioles,2025-09-25,0.35,6.1,3.7,20.0,7
2025,Stephen Kolek,stephen kolek,663568.0,118,Kansas City Royals,2025-09-24,0.3684210526315789,3.5789473684210527,4.7368421052631575,19.0,7
2025,Mike Burrows,mike burrows,681347.0,134,Pittsburgh Pirates,2025-09-21,0.3684210526315789,4.421052631578948,4.368421052631579,19.0,7
2025,Brad Lord,brad lord,695418.0,120,Washington Nationals,2025-09-28,0.47368421052631576,5.0,3.3157894736842106,19.0,7
2025,Trevor Rogers,trevor rogers,669432.0,110,Baltimore Orioles,2025-09-26,0.7222222222222222,3.2777777777777777,5.166666666666667,18.0,7
2025,Shohei Ohtani,shohei ohtani,660271.0,119,Los Angeles Dodgers,2025-11-01,0.4444444444444444,4.611111111111111,4.5,18.0,7
2025,Jonathan Cannon,jonathan cannon,686563.0,145,Chicago White Sox,2025-08-06,0.3888888888888889,4.722222222222222,4.333333333333333,18.0,7
2025,Aaron Nola,aaron nola,605400.0,143,Philadelphia Phillies,2025-10-08,0.4444444444444444,4.944444444444445,4.666666666666667,18.0,7
2025,Aaron Civale,aaron civale,650644.0,145,Chicago White Sox,2025-08-27,0.2777777777777778,5.444444444444445,3.0,18.0,7
2025,Spencer Schwellenbach,spencer schwellenbach,680885.0,144,Atlanta Braves,2025-06-28,0.6470588235294118,3.5294117647058822,4.882352941176471,17.0,7
2025,Jacob Lopez,jacob lopez,682052.0,133,Athletics,2025-08-24,0.6470588235294118,4.235294117647059,4.0588235294117645,17.0,7
2025,Ryan Gusto,ryan gusto,687473.0,146,Miami Marlins,2025-08-27,0.4117647058823529,5.529411764705882,3.9411764705882355,17.0,7
2025,Trevor Williams,trevor williams,592866.0,120,Washington Nationals,2025-07-02,0.35294117647058826,5.588235294117647,4.235294117647059,17.0,7
2025,Michael Soroka,michael soroka,647336.0,112,Chicago Cubs,2025-08-04,0.17647058823529413,6.352941176470588,3.764705882352941,17.0,7
2025,Tyler Mahle,tyler mahle,641816.0,140,Texas Rangers,2025-09-25,0.4375,2.9375,3.375,16.0,7
2025,Blake Snell,blake snell,605483.0,119,Los Angeles Dodgers,2025-10-29,0.625,3.375,4.375,16.0,7
2025,Griffin Canning,griffin canning,656288.0,121,New York Mets,2025-06-26,0.75,3.6875,5.5,16.0,7
2025,Cam Schlittler,cam schlittler,693645.0,147,New York Yankees,2025-10-08,0.625,3.9375,5.0,16.0,7
2025,Yu Darvish,yu darvish,506433.0,135,San Diego Padres,2025-10-02,0.5625,4.0,4.6875,16.0,7
2025,J.T. Ginn,j.t. ginn,669372.0,133,Athletics,2025-09-25,0.5,4.375,4.75,16.0,7
2025,Luis Ortiz,luis ortiz,682847.0,114,Cleveland Guardians,2025-06-27,0.375,4.6875,3.4375,16.0,7
2025,Janson Junk,janson junk,676083.0,146,Miami Marlins,2025-09-25,0.625,4.6875,5.8125,16.0,7
2025,Michael McGreevy,michael mcgreevy,700241.0,138,St. Louis Cardinals,2025-09-27,0.625,4.875,4.9375,16.0,7
2025,Emerson Hancock,emerson hancock,676106.0,136,Seattle Mariners,2025-09-25,0.5,5.625,5.3125,16.0,7
2025,Zebby Matthews,zebby matthews,805673.0,142,Minnesota Twins,2025-09-23,0.5,5.875,5.0,16.0,7
2025,Eric Lauer,eric lauer,641778.0,141,Toronto Blue Jays,2025-08-27,0.8,3.066666666666667,6.533333333333333,15.0,7
2025,Michael King,michael king,650633.0,135,San Diego Padres,2025-09-27,0.5333333333333333,4.066666666666666,3.933333333333333,15.0,7
2025,Ryan Bergert,ryan bergert,686701.0,118,Kansas City Royals,2025-09-13,0.5333333333333333,4.133333333333334,4.666666666666667,15.0,7
2025,Ben Brown,ben brown,676962.0,112,Chicago Cubs,2025-07-27,0.5333333333333333,4.733333333333333,6.666666666666667,15.0,7
2025,Logan Evans,logan evans,688138.0,136,Seattle Mariners,2025-08-14,0.5333333333333333,5.066666666666666,4.6,15.0,7
2025,Tanner Gordon,tanner gordon,685299.0,115,Colorado Rockies,2025-09-24,0.4666666666666667,6.2,4.0,15.0,7
2025,Clarke Schmidt,clarke schmidt,657376.0,147,New York Yankees,2025-07-03,0.5,3.357142857142857,4.357142857142857,14.0,7
2025,Pablo López,pablo lópez,641154.0,142,Minnesota Twins,2025-09-19,0.5714285714285714,3.4285714285714284,5.071428571428571,14.0,7
2025,Bowden Francis,bowden francis,670102.0,141,Toronto Blue Jays,2025-06-14,0.2857142857142857,4.357142857142857,3.2142857142857144,14.0,7
2025,Zach Eflin,zach eflin,621107.0,110,Baltimore Orioles,2025-07-28,0.5,4.571428571428571,4.714285714285714,14.0,7
2025,Tylor Megill,tylor megill,656731.0,121,New York Mets,2025-06-14,0.42857142857142855,4.642857142857143,4.785714285714286,14.0,7
2025,Jacob Misiorowski,jacob misiorowski,694819.0,158,Milwaukee Brewers,2025-09-19,0.6428571428571429,4.857142857142857,6.5,14.0,7
2025,Colton Gordon,colton gordon,676467.0,117,Houston Astros,2025-09-05,0.5714285714285714,4.928571428571429,4.285714285714286,14.0,7
2025,Kumar Rocker,kumar rocker,677958.0,140,Texas Rangers,2025-07-31,0.5,5.0,3.4285714285714284,14.0,7
2025,Joey Cantillo,joey cantillo,676282.0,114,Cleveland Guardians,2025-09-27,0.6153846153846154,3.1538461538461537,4.0,13.0,7
2025,Jason Alexander,jason alexander,669920.0,117,Houston Astros,2025-09-26,0.7692307692307693,3.6153846153846154,5.846153846153846,13.0,7
2025,Reese Olson,reese olson,681857.0,116,Detroit Tigers,2025-07-24,0.46153846153846156,4.0,4.384615384615385,13.0,7
2025,Cole Ragans,cole ragans,666142.0,118,Kansas City Royals,2025-09-28,0.6153846153846154,4.615384615384615,4.615384615384615,13.0,7
2025,Lance McCullers Jr.,lance mccullers jr.,621121.0,117,Houston Astros,2025-09-28,0.5384615384615384,5.076923076923077,6.461538461538462,13.0,7
2025,Joey Wentz,joey wentz,666214.0,144,Atlanta Braves,2025-09-26,0.38461538461538464,6.3076923076923075,5.538461538461538,13.0,7
2025,Keider Montero,keider montero,672456.0,116,Detroit Tigers,2025-09-27,0.6666666666666666,2.5833333333333335,3.75,12.0,7
2025,Brandon Woodruff,brandon woodruff,605540.0,158,Milwaukee Brewers,2025-09-17,0.8333333333333334,3.0833333333333335,5.5,12.0,7
2025,Emmet Sheehan,emmet sheehan,686218.0,119,Los Angeles Dodgers,2025-09-26,0.5833333333333334,3.75,5.333333333333333,12.0,7
2025,Luis Gil,luis gil,661563.0,147,New York Yankees,2025-10-04,0.6666666666666666,3.75,3.8333333333333335,12.0,7
2025,Carmen Mlodzinski,carmen mlodzinski,669387.0,134,Pittsburgh Pirates,2025-09-02,0.4166666666666667,4.75,3.8333333333333335,12.0,7
2025,Max Meyer,max meyer,676974.0,146,Miami Marlins,2025-06-02,0.4166666666666667,5.0,4.416666666666667,12.0,7
2025,Austin Gomber,austin gomber,596295.0,115,Colorado Rockies,2025-08-19,0.25,6.166666666666667,4.083333333333333,12.0,7
2025,Brandon Young,brandon young,687064.0,110,Baltimore Orioles,2025-08-21,0.25,6.25,3.5,12.0,7
2025,Sean Manaea,sean manaea,640455.0,121,New York Mets,2025-09-28,0.25,6.75,4.666666666666667,12.0,7
2025,Bradley Blalock,bradley blalock,687134.0,115,Colorado Rockies,2025-09-25,0.25,7.916666666666667,3.9166666666666665,12.0,7
2025,Shane Bieber,shane bieber,669456.0,141,Toronto Blue Jays,2025-10-28,0.7272727272727273,4.090909090909091,6.2727272727272725,11.0,7
2025,Richard Fitts,richard fitts,690916.0,111,Boston Red Sox,2025-07-28,0.2727272727272727,4.2727272727272725,3.5454545454545454,11.0,7
2025,Hunter Dobbins,hunter dobbins,690928.0,111,Boston Red Sox,2025-07-11,0.7272727272727273,4.2727272727272725,6.636363636363637,11.0,7
2025,Corbin Burnes,corbin burnes,669203.0,109,Arizona Diamondbacks,2025-06-01,0.5454545454545454,4.545454545454546,5.090909090909091,11.0,7
2025,Jackson Jobe,jackson jobe,695549.0,116,Detroit Tigers,2025-05-28,0.9,3.2,6.1,10.0,7
2025,Martín Pérez,martín pérez,527048.0,145,Chicago White Sox,2025-09-17,0.3,3.7,2.6,10.0,7
2025,David Festa,david festa,701581.0,142,Minnesota Twins,2025-07-21,0.5,4.7,4.1,10.0,7
2025,Cade Cavalli,cade cavalli,676917.0,120,Washington Nationals,2025-09-26,0.7,4.8,5.3,10.0,7
2025,Hayden Birdsong,hayden birdsong,806185.0,137,San Francisco Giants,2025-07-21,0.4,5.7,4.3,10.0,7
2025,Osvaldo Bido,osvaldo bido,674370.0,133,Athletics,2025-08-26,0.5,6.2,3.9,10.0,7
2025,Ben Lively,ben lively,594902.0,114,Cleveland Guardians,2025-05-12,0.7777777777777778,2.3333333333333335,4.222222222222222,9.0,7
2025,Luis Morales,luis morales,806960.0,133,Athletics,2025-09-27,0.5555555555555556,3.0,4.333333333333333,9.0,7
2025,Hurston Waldrep,hurston waldrep,694462.0,144,Atlanta Braves,2025-09-23,0.7777777777777778,3.4444444444444446,4.555555555555555,9.0,7
2025,AJ Smith-Shawver,aj smith-shawver,700363.0,144,Atlanta Braves,2025-05-29,0.5555555555555556,3.5555555555555554,4.0,9.0,7
2025,Mick Abel,mick abel,690953.0,142,Minnesota Twins,2025-09-27,0.4444444444444444,4.0,4.444444444444445,9.0,7
2025,Ronel Blanco,ronel blanco,669854.0,117,Houston Astros,2025-05-17,0.5555555555555556,4.111111111111111,5.222222222222222,9.0,7
2025,Johan Oviedo,johan oviedo,670912.0,134,Pittsburgh Pirates,2025-09-28,0.4444444444444444,4.111111111111111,4.0,9.0,7
2025,Brandon Walter,brandon walter,687888.0,117,Houston Astros,2025-07-23,0.3333333333333333,4.555555555555555,3.0,9.0,7
2025,Joe Boyle,joe boyle,671212.0,139,Tampa Bay Rays,2025-09-27,0.3333333333333333,4.777777777777778,4.111111111111111,9.0,7
2025,Chase Burns,chase burns,695505.0,113,Cincinnati Reds,2025-08-08,0.1111111111111111,5.0,2.5555555555555554,9.0,7
2025,Marcus Stroman,marcus stroman,573186.0,147,New York Yankees,2025-07-31,0.6666666666666666,5.222222222222222,6.777777777777778,9.0,7
2025,Jordan Hicks,jordan hicks,663855.0,137,San Francisco Giants,2025-05-14,0.4444444444444444,5.222222222222222,4.444444444444445,9.0,7
2025,Yoendrys Gómez,yoendrys gómez,672782.0,145,Chicago White Sox,2025-09-26,0.5555555555555556,5.777777777777778,6.111111111111111,9.0,7
2025,Carlos Carrasco,carlos carrasco,471911.0,144,Atlanta Braves,2025-08-13,0.5555555555555556,6.111111111111111,6.444444444444445,9.0,7
2025,Tanner Houck,tanner houck,656557.0,111,Boston Red Sox,2025-05-12,0.2222222222222222,6.777777777777778,3.2222222222222223,9.0,7
2025,Braxton Ashcraft,braxton ashcraft,677952.0,134,Pittsburgh Pirates,2025-09-25,0.5,2.25,2.875,8.0,7
2025,Jacob Latz,jacob latz,656641.0,140,Texas Rangers,2025-09-27,0.5,3.125,5.375,8.0,7
2025,Nolan McLean,nolan mclean,690997.0,121,New York Mets,2025-09-25,0.75,3.25,6.125,8.0,7
2025,Ryan Yarbrough,ryan yarbrough,642232.0,147,New York Yankees,2025-06-18,0.5,3.375,5.0,8.0,7
2025,Trey Yesavage,trey yesavage,702056.0,141,Toronto Blue Jays,2025-10-29,0.875,3.875,6.75,8.0,7
2025,Mitch Spence,mitch spence,687765.0,133,Athletics,2025-09-21,0.25,4.875,3.375,8.0,7
2025,Nestor Cortes,nestor cortes,641482.0,135,San Diego Padres,2025-09-03,0.5,5.25,4.375,8.0,7
2025,Roki Sasaki,roki sasaki,808963.0,119,Los Angeles Dodgers,2025-05-09,0.75,5.625,6.375,8.0,7
2025,Cristian Javier,cristian javier,664299.0,117,Houston Astros,2025-09-23,0.5,5.875,3.5,8.0,7
2025,Ryan Weathers,ryan weathers,677960.0,146,Miami Marlins,2025-09-24,0.5,6.0,4.25,8.0,7
2025,Parker Messick,parker messick,800048.0,114,Cleveland Guardians,2025-09-25,0.5714285714285714,2.4285714285714284,3.142857142857143,7.0,7
2025,Javier Assad,javier assad,665871.0,112,Chicago Cubs,2025-09-28,0.7142857142857143,3.4285714285714284,4.0,7.0,7
2025,Landon Knack,landon knack,689017.0,119,Los Angeles Dodgers,2025-06-05,0.7142857142857143,4.142857142857143,6.857142857142857,7.0,7
2025,Tony Gonsolin,tony gonsolin,664062.0,119,Los Angeles Dodgers,2025-06-04,0.42857142857142855,5.0,5.571428571428571,7.0,7
2025,McCade Brown,mccade brown,685326.0,115,Colorado Rockies,2025-09-28,0.0,5.142857142857143,2.5714285714285716,7.0,7
2025,Carson Palmquist,carson palmquist,687223.0,115,Colorado Rockies,2025-06-21,0.14285714285714285,5.714285714285714,3.2857142857142856,7.0,7
2025,Spencer Arrighetti,spencer arrighetti,681293.0,117,Houston Astros,2025-08-30,0.14285714285714285,6.285714285714286,1.5714285714285714,7.0,7
2025,Frankie Montas,frankie montas,593423.0,121,New York Mets,2025-08-03,0.42857142857142855,6.714285714285714,4.714285714285714,7.0,7
2025,Kai-Wei Teng,kai-wei teng,678906.0,137,San Francisco Giants,2025-09-20,0.14285714285714285,7.0,3.5714285714285716,7.0,7
2025,Hayden Wesneski,hayden wesneski,669713.0,117,Houston Astros,2025-05-06,0.3333333333333333,3.0,2.8333333333333335,6.0,7
2025,Kyle Harrison,kyle harrison,690986.0,111,Boston Red Sox,2025-09-26,0.8333333333333334,3.1666666666666665,4.0,6.0,7
2025,Kyle Bradish,kyle bradish,680694.0,110,Baltimore Orioles,2025-09-28,0.5,3.5,2.3333333333333335,6.0,7
2025,Tobias Myers,tobias myers,668964.0,158,Milwaukee Brewers,2025-08-09,0.5,4.166666666666667,4.166666666666667,6.0,7
2025,Adam Mazur,adam mazur,800049.0,146,Miami Marlins,2025-09-20,0.3333333333333333,4.166666666666667,3.3333333333333335,6.0,7
2025,nan,nan,,134,Pittsburgh Pirates,2025-09-20,0.5,4.333333333333333,5.833333333333333,6.0,7
2025,José Ureña,josé ureña,570632.0,108,Los Angeles Angels,2025-09-10,0.6666666666666666,4.5,4.833333333333333,6.0,7
2025,Ryan Feltner,ryan feltner,663372.0,115,Colorado Rockies,2025-04-28,0.16666666666666666,5.0,3.6666666666666665,6.0,7
2025,Kyle Hart,kyle hart,606996.0,135,San Diego Padres,2025-05-28,0.5,5.166666666666667,4.833333333333333,6.0,7
2025,Bryse Wilson,bryse wilson,669060.0,145,Chicago White Sox,2025-05-24,0.5,5.166666666666667,4.5,6.0,7
2025,Gunnar Hoglund,gunnar hoglund,680684.0,133,Athletics,2025-05-31,0.3333333333333333,5.833333333333333,5.166666666666667,6.0,7
2025,Valente Bellozo,valente bellozo,678368.0,146,Miami Marlins,2025-09-05,0.16666666666666666,6.0,2.3333333333333335,6.0,7
2025,Tyler Holton,tyler holton,663947.0,116,Detroit Tigers,2025-09-11,0.3333333333333333,7.0,5.5,6.0,7
2025,Connor Gillispie,connor gillispie,687362.0,146,Miami Marlins,2025-04-26,0.16666666666666666,8.166666666666666,4.0,6.0,7
2025,Troy Melton,troy melton,675512.0,116,Detroit Tigers,2025-10-04,0.8,2.2,2.8,5.0,7
2025,Connelly Early,connelly early,813349.0,111,Boston Red Sox,2025-10-02,0.2,3.0,2.2,5.0,7
2025,Logan Henderson,logan henderson,701656.0,158,Milwaukee Brewers,2025-08-03,1.0,3.2,9.6,5.0,7
2025,Drew Pomeranz,drew pomeranz,519141.0,112,Chicago Cubs,2025-10-11,0.4,3.6,3.8,5.0,7
2025,Carson Whisenhunt,carson whisenhunt,687931.0,137,San Francisco Giants,2025-08-27,0.4,4.4,7.0,5.0,7
2025,Ian Seymour,ian seymour,693855.0,139,Tampa Bay Rays,2025-09-28,0.6,4.6,4.6,5.0,7
2025,Andrew Alvarez,andrew alvarez,674841.0,120,Washington Nationals,2025-09-24,0.6,4.6,3.8,5.0,7
2025,Mason Barnett,mason barnett,686930.0,133,Athletics,2025-09-26,0.6,5.0,5.2,5.0,7
2025,Mitch Farris,mitch farris,815083.0,108,Los Angeles Angels,2025-09-25,0.4,5.0,4.4,5.0,7
2025,Tyler Alexander,tyler alexander,641302.0,145,Chicago White Sox,2025-07-30,0.6,5.2,6.0,5.0,7
2025,Nabil Crismatt,nabil crismatt,622503.0,109,Arizona Diamondbacks,2025-09-14,0.6,5.6,5.4,5.0,7
2025,Sean Newcomb,sean newcomb,656794.0,111,Boston Red Sox,2025-04-23,0.4,6.2,3.4,5.0,7
2025,Caden Dana,caden dana,702674.0,108,Los Angeles Angels,2025-09-27,0.2,6.6,2.2,5.0,7
2025,Jonah Tong,jonah tong,804636.0,121,New York Mets,2025-09-24,0.4,6.8,6.8,5.0,7
2025,Easton Lucas,easton lucas,687922.0,141,Toronto Blue Jays,2025-07-29,0.4,7.0,4.2,5.0,7
2025,Tyler Wells,tyler wells,669330.0,110,Baltimore Orioles,2025-09-24,0.75,2.5,3.25,4.0,7
2025,Aaron Ashby,aaron ashby,676879.0,158,Milwaukee Brewers,2025-10-16,0.25,2.75,2.75,4.0,7
2025,Anthony DeSclafani,anthony desclafani,543101.0,109,Arizona Diamondbacks,2025-08-12,0.25,3.5,1.5,4.0,7
2025,Jack Perkins,jack perkins,678022.0,133,Athletics,2025-08-21,0.75,3.75,8.25,4.0,7
2025,Justin Steele,justin steele,657006.0,112,Chicago Cubs,2025-04-07,0.75,4.0,6.75,4.0,7
2025,Brandon Sproat,brandon sproat,687075.0,121,New York Mets,2025-09-26,0.25,4.5,4.5,4.0,7
2025,Tyler Gilbert,tyler gilbert,656457.0,145,Chicago White Sox,2025-09-27,0.25,4.75,5.25,4.0,7
2025,Paul Blackburn,paul blackburn,621112.0,121,New York Mets,2025-06-28,0.25,5.0,2.0,4.0,7
2025,Jack Dreyer,jack dreyer,676263.0,119,Los Angeles Dodgers,2025-06-24,0.75,6.5,7.25,4.0,7
2025,Didier Fuentes,didier fuentes,800311.0,144,Atlanta Braves,2025-07-08,0.25,6.5,3.5,4.0,7
2025,Sawyer Gipson-Long,sawyer gipson-long,687830.0,116,Detroit Tigers,2025-09-02,0.25,7.0,3.5,4.0,7
2025,Kyle Gibson,kyle gibson,502043.0,110,Baltimore Orioles,2025-05-17,0.0,10.25,4.25,4.0,7
2025,DL Hall,dl hall,669084.0,158,Milwaukee Brewers,2025-07-11,1.0,2.0,7.666666666666667,3.0,7
2025,Brent Suter,brent suter,608718.0,113,Cincinnati Reds,2025-06-21,0.6666666666666666,3.0,11.0,3.0,7
2025,Brant Hurter,brant hurter,676428.0,116,Detroit Tigers,2025-06-13,1.0,3.0,7.0,3.0,7
2025,Huascar Brazobán,huascar brazobán,623211.0,121,New York Mets,2025-07-02,0.3333333333333333,3.6666666666666665,4.333333333333333,3.0,7
2025,Bubba Chandler,bubba chandler,696149.0,134,Pittsburgh Pirates,2025-09-27,0.6666666666666666,4.0,3.3333333333333335,3.0,7
2025,AJ Blubaugh,aj blubaugh,805123.0,117,Houston Astros,2025-09-27,0.6666666666666666,4.333333333333333,5.333333333333333,3.0,7
2025,Dietrich Enns,dietrich enns,608650.0,110,Baltimore Orioles,2025-08-27,0.3333333333333333,4.666666666666667,5.666666666666667,3.0,7
2025,Keegan Akin,keegan akin,669211.0,110,Baltimore Orioles,2025-06-12,0.0,5.0,1.6666666666666667,3.0,7
2025,Cole Sands,cole sands,663485.0,142,Minnesota Twins,2025-07-27,0.6666666666666666,5.333333333333333,6.666666666666667,3.0,7
2025,Carson Seymour,carson seymour,693313.0,137,San Francisco Giants,2025-09-10,0.3333333333333333,6.0,4.0,3.0,7
2025,Brennan Bernardino,brennan bernardino,657514.0,111,Boston Red Sox,2025-09-03,0.3333333333333333,6.333333333333333,3.0,3.0,7
2025,Pierson Ohl,pierson ohl,701487.0,142,Minnesota Twins,2025-08-15,0.3333333333333333,6.333333333333333,4.666666666666667,3.0,7
2025,Payton Tolle,payton tolle,801139.0,111,Boston Red Sox,2025-09-10,0.0,6.333333333333333,3.6666666666666665,3.0,7
2025,Mike Vasil,mike vasil,678024.0,145,Chicago White Sox,2025-06-19,0.0,6.666666666666667,5.0,3.0,7
2025,Fraser Ellard,fraser ellard,686642.0,145,Chicago White Sox,2025-09-24,0.6666666666666666,7.0,6.0,3.0,7
2025,Victor Mederos,victor mederos,682989.0,108,Los Angeles Angels,2025-08-23,0.3333333333333333,7.333333333333333,3.0,3.0,7
2025,Ben Casparius,ben casparius,676508.0,119,Los Angeles Dodgers,2025-07-04,0.3333333333333333,9.0,4.0,3.0,7
2025,Steven Matz,steven matz,571927.0,138,St. Louis Cardinals,2025-04-30,1.0,1.0,6.5,2.0,7
2025,Angel Zerpa,angel zerpa,672582.0,118,Kansas City Royals,2025-07-30,0.5,1.5,1.0,2.0,7
2025,Louis Varland,louis varland,686973.0,141,Toronto Blue Jays,2025-10-08,1.0,1.5,5.5,2.0,7
2025,Paxton Schultz,paxton schultz,687606.0,141,Toronto Blue Jays,2025-06-06,1.0,2.0,4.0,2.0,7
2025,Kolby Allard,kolby allard,663465.0,114,Cleveland Guardians,2025-07-30,1.0,2.0,6.0,2.0,7
2025,Austin Cox,austin cox,680735.0,144,Atlanta Braves,2025-08-02,1.0,2.0,4.0,2.0,7
2025,Trevor McDonald,trevor mcdonald,686790.0,137,San Francisco Giants,2025-09-26,1.0,2.0,4.5,2.0,7
2025,Shawn Armstrong,shawn armstrong,542888.0,140,Texas Rangers,2025-06-19,0.5,2.5,2.0,2.0,7
2025,Matt Gage,matt gage,657424.0,137,San Francisco Giants,2025-08-08,0.5,2.5,4.0,2.0,7
2025,Grant Taylor,grant taylor,691799.0,145,Chicago White Sox,2025-07-27,0.5,3.0,5.5,2.0,7
2025,Jared Shuster,jared shuster,694363.0,145,Chicago White Sox,2025-06-04,0.0,3.5,2.5,2.0,7
2025,Luis Garcia,luis garcia,677651.0,117,Houston Astros,2025-09-09,0.5,3.5,5.5,2.0,7
2025,Brandon Eisert,brandon eisert,685126.0,145,Chicago White Sox,2025-07-02,0.0,4.0,3.0,2.0,7
2025,Wade Miley,wade miley,489119.0,113,Cincinnati Reds,2025-06-15,1.0,4.0,7.5,2.0,7
2025,David Morgan,david morgan,688158.0,135,San Diego Padres,2025-08-31,0.5,4.0,3.0,2.0,7
2025,Carson Spiers,carson spiers,686730.0,113,Cincinnati Reds,2025-04-06,0.0,4.5,1.0,2.0,7
2025,Jalen Beeks,jalen beeks,656222.0,109,Arizona Diamondbacks,2025-09-25,0.5,4.5,5.0,2.0,7
2025,Daniel Lynch IV,daniel lynch iv,663738.0,118,Kansas City Royals,2025-05-27,0.5,5.5,5.0,2.0,7
2025,Scott Blewett,scott blewett,656240.0,110,Baltimore Orioles,2025-06-15,0.5,6.0,7.5,2.0,7
2025,Lou Trivino,lou trivino,642152.0,119,Los Angeles Dodgers,2025-06-29,0.5,6.0,3.0,2.0,7
2025,Shinnosuke Ogasawara,shinnosuke ogasawara,829272.0,120,Washington Nationals,2025-07-12,0.0,6.0,4.5,2.0,7
2025,Robert Gasser,robert gasser,688107.0,158,Milwaukee Brewers,2025-09-27,0.0,6.0,2.5,2.0,7
2025,Justin Wrobleski,justin wrobleski,680736.0,119,Los Angeles Dodgers,2025-06-06,0.0,6.5,1.0,2.0,7
2025,Griffin Jax,griffin jax,643377.0,139,Tampa Bay Rays,2025-09-10,0.0,6.5,3.0,2.0,7
2025,Davis Daniel,davis daniel,669721.0,144,Atlanta Braves,2025-07-22,0.0,7.0,2.0,2.0,7
2025,Sam Aldegheri,sam aldegheri,691951.0,108,Los Angeles Angels,2025-09-28,0.0,7.0,3.0,2.0,7
2025,Chase Petty,chase petty,695534.0,113,Cincinnati Reds,2025-05-11,0.0,7.5,0.5,2.0,7
2025,Travis Adams,travis adams,701519.0,142,Minnesota Twins,2025-08-12,0.0,7.5,2.0,2.0,7
2025,Luis F. Castillo,luis f. castillo,622379.0,136,Seattle Mariners,2025-04-09,0.5,8.0,8.0,2.0,7
2025,Blade Tidwell,blade tidwell,694918.0,121,New York Mets,2025-06-20,0.0,8.0,3.5,2.0,7
2025,Rich Hill,rich hill,448179.0,118,Kansas City Royals,2025-07-28,0.0,8.0,3.5,2.0,7
2025,Grant Holman,grant holman,680880.0,133,Athletics,2025-06-09,0.0,8.5,3.5,2.0,7
2025,Elvin Rodríguez,elvin rodríguez,660730.0,158,Milwaukee Brewers,2025-04-05,0.0,11.0,4.0,2.0,7
2025,Joey Estes,joey estes,683155.0,133,Athletics,2025-04-06,0.0,15.0,4.0,2.0,7
2025,Casey Legumina,casey legumina,668984.0,136,Seattle Mariners,2025-05-20,0.0,1.0,0.0,1.0,7
2025,Cooper Criswell,cooper criswell,681867.0,111,Boston Red Sox,2025-08-01,1.0,1.0,2.0,1.0,7
2025,Thomas Hatch,thomas hatch,641672.0,142,Minnesota Twins,2025-08-17,1.0,1.0,8.0,1.0,7
2025,Trevor Megill,trevor megill,656730.0,158,Milwaukee Brewers,2025-10-11,1.0,1.0,3.0,1.0,7
2025,Matt Sauer,matt sauer,669422.0,119,Los Angeles Dodgers,2025-05-15,1.0,2.0,19.0,1.0,7
2025,Elvis Peguero,elvis peguero,665625.0,145,Chicago White Sox,2025-08-11,0.0,2.0,1.0,1.0,7
2025,Lake Bachar,lake bachar,669199.0,146,Miami Marlins,2025-09-01,0.0,2.0,0.0,1.0,7
2025,Kyle Leahy,kyle leahy,681517.0,138,St. Louis Cardinals,2025-09-28,0.0,2.0,0.0,1.0,7
2025,Anthony Veneziano,anthony veneziano,685107.0,146,Miami Marlins,2025-06-08,0.0,3.0,2.0,1.0,7
2025,Cade Gibson,cade gibson,806188.0,146,Miami Marlins,2025-06-14,1.0,3.0,4.0,1.0,7
2025,Steven Okert,steven okert,595345.0,117,Houston Astros,2025-08-05,1.0,3.0,7.0,1.0,7
2025,Wandy Peralta,wandy peralta,593974.0,135,San Diego Padres,2025-08-15,0.0,3.0,2.0,1.0,7
2025,Caleb Boushley,caleb boushley,676961.0,140,Texas Rangers,2025-08-20,1.0,3.0,6.0,1.0,7
2025,Jonathan Bowlan,jonathan bowlan,680742.0,118,Kansas City Royals,2025-09-10,1.0,3.0,4.0,1.0,7
2025,Jayden Murray,jayden murray,681151.0,117,Houston Astros,2025-09-12,1.0,3.0,11.0,1.0,7
2025,José Suarez,josé suarez,660761.0,144,Atlanta Braves,2025-09-16,1.0,3.0,6.0,1.0,7
2025,JT Brubaker,jt brubaker,664141.0,137,San Francisco Giants,2025-09-24,1.0,3.0,4.0,1.0,7
2025,José De León,josé de león,592254.0,111,Boston Red Sox,2025-09-28,1.0,3.0,4.0,1.0,7
2025,Andrew Kittredge,andrew kittredge,552640.0,112,Chicago Cubs,2025-10-01,0.0,3.0,0.0,1.0,7
2025,Reynaldo López,reynaldo lópez,625643.0,144,Atlanta Braves,2025-03-28,0.0,4.0,3.0,1.0,7
2025,Justin Topa,justin topa,623437.0,142,Minnesota Twins,2025-04-19,0.0,4.0,3.0,1.0,7
2025,Rob Zastryzny,rob zastryzny,642239.0,158,Milwaukee Brewers,2025-05-19,1.0,4.0,5.0,1.0,7
2025,Ryan Rolison,ryan rolison,669020.0,115,Colorado Rockies,2025-06-06,0.0,4.0,2.0,1.0,7
2025,Jordan Leasure,jordan leasure,673929.0,145,Chicago White Sox,2025-06-24,0.0,4.0,1.0,1.0,7
2025,Matt Waldron,matt waldron,663362.0,135,San Diego Padres,2025-06-30,0.0,4.0,0.0,1.0,7
2025,Tyler Phillips,tyler phillips,663969.0,146,Miami Marlins,2025-09-07,1.0,4.0,5.0,1.0,7
2025,Brad Keller,brad keller,641745.0,112,Chicago Cubs,2025-05-10,1.0,5.0,6.0,1.0,7
2025,Joe Ross,joe ross,605452.0,143,Philadelphia Phillies,2025-06-06,0.0,5.0,4.0,1.0,7
2025,Sean Hjelle,sean hjelle,663546.0,137,San Francisco Giants,2025-06-15,0.0,5.0,4.0,1.0,7
2025,Justin Hagenman,justin hagenman,663795.0,121,New York Mets,2025-07-04,1.0,5.0,6.0,1.0,7
2025,Ryan Zeferjahn,ryan zeferjahn,666171.0,108,Los Angeles Angels,2025-07-18,1.0,5.0,6.0,1.0,7
2025,Rico Garcia,rico garcia,670329.0,110,Baltimore Orioles,2025-08-16,0.0,5.0,4.0,1.0,7
2025,Yariel Rodríguez,yariel rodríguez,684320.0,141,Toronto Blue Jays,2025-04-30,1.0,6.0,7.0,1.0,7
2025,Allan Winans,allan winans,642216.0,147,New York Yankees,2025-06-23,0.0,6.0,1.0,1.0,7
2025,Chris Devenski,chris devenski,606965.0,121,New York Mets,2025-07-06,0.0,6.0,4.0,1.0,7
2025,Brock Burke,brock burke,656271.0,108,Los Angeles Angels,2025-07-23,0.0,6.0,3.0,1.0,7
2025,Anthony Banda,anthony banda,607455.0,119,Los Angeles Dodgers,2025-09-15,0.0,6.0,5.0,1.0,7
2025,Tristan Beck,tristan beck,663941.0,137,San Francisco Giants,2025-09-16,0.0,6.0,5.0,1.0,7
2025,Thomas Harrington,thomas harrington,802419.0,134,Pittsburgh Pirates,2025-04-01,0.0,7.0,0.0,1.0,7
2025,Bobby Miller,bobby miller,676272.0,119,Los Angeles Dodgers,2025-04-16,1.0,7.0,8.0,1.0,7
2025,Doug Nikhazy,doug nikhazy,680951.0,114,Cleveland Guardians,2025-04-26,0.0,7.0,3.0,1.0,7
2025,Sean Reynolds,sean reynolds,669308.0,135,San Diego Padres,2025-05-24,0.0,7.0,1.0,1.0,7
2025,Braydon Fisher,braydon fisher,680755.0,141,Toronto Blue Jays,2025-05-31,1.0,7.0,8.0,1.0,7
2025,Spencer Turnbull,spencer turnbull,605513.0,141,Toronto Blue Jays,2025-06-20,0.0,7.0,1.0,1.0,7
2025,Brandon Waddell,brandon waddell,663399.0,121,New York Mets,2025-07-10,0.0,7.0,3.0,1.0,7
2025,Ian Hamilton,ian hamilton,641656.0,147,New York Yankees,2025-07-18,0.0,7.0,3.0,1.0,7
2025,Reed Garrett,reed garrett,657585.0,121,New York Mets,2025-08-09,0.0,7.0,4.0,1.0,7
2025,Bruce Zimmermann,bruce zimmermann,669145.0,158,Milwaukee Brewers,2025-09-23,0.0,7.0,0.0,1.0,7
2025,Chayce McDermott,chayce mcdermott,694646.0,110,Baltimore Orioles,2025-05-14,0.0,8.0,6.0,1.0,7
2025,Beau Brieske,beau brieske,689225.0,116,Detroit Tigers,2025-06-03,0.0,8.0,1.0,1.0,7
2025,Danny Coulombe,danny coulombe,543056.0,142,Minnesota Twins,2025-06-22,0.0,9.0,8.0,1.0,7
2025,Aaron Bummer,aaron bummer,607481.0,144,Atlanta Braves,2025-07-05,0.0,9.0,6.0,1.0,7
2025,Brady Basso,brady basso,669620.0,133,Athletics,2025-09-28,0.0,9.0,2.0,1.0,7
2025,Anthony Molina,anthony molina,683627.0,115,Colorado Rockies,2025-08-05,0.0,10.0,4.0,1.0,7
2025,Sean Guenther,sean guenther,674944.0,116,Detroit Tigers,2025-05-19,0.0,11.0,4.0,1.0,7
2025,Chris Flexen,chris flexen,623167.0,112,Chicago Cubs,2025-07-11,0.0,11.0,0.0,1.0,7
2025,Albert Suárez,albert suárez,544150.0,110,Baltimore Orioles,2025-09-14,0.0,11.0,2.0,1.0,7
2025,Ryan Brasier,ryan brasier,518489.0,112,Chicago Cubs,2025-07-21,0.0,12.0,4.0,1.0,7
2025,Scott Barlow,scott barlow,605130.0,113,Cincinnati Reds,2025-09-02,0.0,12.0,9.0,1.0,7
2024,Tarik Skubal,tarik skubal,669373.0,116,Detroit Tigers,2024-10-12,0.6764705882352942,2.8823529411764706,4.970588235294118,30.0,7
2024,Tanner Bibee,tanner bibee,676440.0,114,Cleveland Guardians,2024-10-19,0.6857142857142857,3.057142857142857,4.828571428571428,30.0,7
2024,Zack Wheeler,zack wheeler,554430.0,143,Philadelphia Phillies,2024-10-05,0.5757575757575758,3.3333333333333335,4.515151515151516,30.0,7
2024,Seth Lugo,seth lugo,607625.0,118,Kansas City Royals,2024-10-09,0.5142857142857142,3.3714285714285714,4.114285714285714,30.0,7
2024,Michael King,michael king,650633.0,135,San Diego Padres,2024-10-08,0.625,3.4375,4.6875,30.0,7
2024,Freddy Peralta,freddy peralta,642547.0,158,Milwaukee Brewers,2024-10-01,0.5757575757575758,3.4545454545454546,4.03030303030303,30.0,7
2024,Max Fried,max fried,608331.0,144,Atlanta Braves,2024-10-02,0.5666666666666667,3.466666666666667,3.933333333333333,30.0,7
2024,Carlos Rodón,carlos rodón,607074.0,147,New York Yankees,2024-10-26,0.5833333333333334,3.4722222222222223,5.194444444444445,30.0,7
2024,Cole Ragans,cole ragans,666142.0,118,Kansas City Royals,2024-10-07,0.5294117647058824,3.5,3.8529411764705883,30.0,7
2024,Bryce Miller,bryce miller,682243.0,136,Seattle Mariners,2024-09-23,0.5483870967741935,3.5161290322580645,3.903225806451613,30.0,7
2024,Garrett Crochet,garrett crochet,676979.0,145,Chicago White Sox,2024-09-27,0.2903225806451613,3.5806451612903225,2.7096774193548385,30.0,7
2024,Logan Webb,logan webb,657277.0,137,San Francisco Giants,2024-09-24,0.48484848484848486,3.6363636363636362,4.151515151515151,30.0,7
2024,Logan Gilbert,logan gilbert,669302.0,136,Seattle Mariners,2024-09-29,0.45454545454545453,3.6363636363636362,3.5454545454545454,30.0,7
2024,Sean Manaea,sean manaea,640455.0,121,New York Mets,2024-10-20,0.6944444444444444,3.7222222222222223,5.055555555555555,30.0,7
2024,Corbin Burnes,corbin burnes,669203.0,110,Baltimore Orioles,2024-10-01,0.6060606060606061,3.727272727272727,5.2727272727272725,30.0,7
2024,Luis Castillo,luis castillo,622491.0,136,Seattle Mariners,2024-09-08,0.5,3.7333333333333334,4.2,30.0,7
2024,José Berríos,josé berríos,621244.0,141,Toronto Blue Jays,2024-09-27,0.65625,3.78125,4.96875,30.0,7
2024,George Kirby,george kirby,669923.0,136,Seattle Mariners,2024-09-25,0.48484848484848486,3.787878787878788,4.393939393939394,30.0,7
2024,Jose Quintana,jose quintana,500779.0,121,New York Mets,2024-10-17,0.5294117647058824,3.823529411764706,4.882352941176471,30.0,7
2024,Cristopher Sánchez,cristopher sánchez,650911.0,143,Philadelphia Phillies,2024-10-06,0.59375,3.875,4.4375,30.0,7
2024,Kevin Gausman,kevin gausman,592332.0,141,Toronto Blue Jays,2024-09-25,0.5806451612903226,3.935483870967742,4.967741935483871,30.0,7
2024,Michael Wacha,michael wacha,608379.0,118,Kansas City Royals,2024-10-10,0.5483870967741935,3.935483870967742,4.451612903225806,30.0,7
2024,Dylan Cease,dylan cease,656302.0,135,San Diego Padres,2024-10-09,0.5714285714285714,4.0,4.771428571428571,30.0,7
2024,Aaron Nola,aaron nola,605400.0,143,Philadelphia Phillies,2024-10-08,0.6176470588235294,4.088235294117647,4.5588235294117645,30.0,7
2024,Erick Fedde,erick fedde,607200.0,138,St. Louis Cardinals,2024-09-25,0.3548387096774194,4.129032258064516,3.5161290322580645,30.0,7
2024,Jake Irvin,jake irvin,663623.0,120,Washington Nationals,2024-09-29,0.3939393939393939,4.151515151515151,3.727272727272727,30.0,7
2024,Hunter Brown,hunter brown,686613.0,117,Houston Astros,2024-10-02,0.45161290322580644,4.161290322580645,3.870967741935484,30.0,7
2024,Jack Flaherty,jack flaherty,656427.0,119,Los Angeles Dodgers,2024-10-30,0.6060606060606061,4.212121212121212,5.2727272727272725,30.0,7
2024,Luis Gil,luis gil,661563.0,147,New York Yankees,2024-10-29,0.6774193548387096,4.258064516129032,5.548387096774194,30.0,7
2024,Tanner Houck,tanner houck,656557.0,111,Boston Red Sox,2024-09-23,0.5333333333333333,4.366666666666666,4.866666666666666,30.0,7
2024,Frankie Montas,frankie montas,593423.0,158,Milwaukee Brewers,2024-10-02,0.4838709677419355,4.387096774193548,4.806451612903226,30.0,7
2024,Brady Singer,brady singer,663903.0,118,Kansas City Royals,2024-09-27,0.46875,4.4375,4.5625,30.0,7
2024,Bailey Ober,bailey ober,641927.0,142,Minnesota Twins,2024-09-29,0.4838709677419355,4.451612903225806,4.483870967741935,30.0,7
2024,Tyler Anderson,tyler anderson,542881.0,108,Los Angeles Angels,2024-09-26,0.45161290322580644,4.451612903225806,4.193548387096774,30.0,7
2024,Charlie Morton,charlie morton,450203.0,144,Atlanta Braves,2024-09-29,0.43333333333333335,4.5,4.1,30.0,7
2024,Mitch Keller,mitch keller,656605.0,134,Pittsburgh Pirates,2024-09-26,0.5483870967741935,4.516129032258065,4.580645161290323,30.0,7
2024,JP Sears,jp sears,676664.0,133,Oakland Athletics,2024-09-27,0.4375,4.5625,3.625,30.0,7
2024,Andrew Heaney,andrew heaney,571760.0,140,Texas Rangers,2024-09-28,0.4375,4.59375,3.71875,30.0,7
2024,Aaron Civale,aaron civale,650644.0,158,Milwaukee Brewers,2024-09-26,0.41935483870967744,4.612903225806452,4.483870967741935,30.0,7
2024,Pablo López,pablo lópez,641154.0,142,Minnesota Twins,2024-09-27,0.5625,4.625,5.28125,30.0,7
2024,Miles Mikolas,miles mikolas,571945.0,138,St. Louis Cardinals,2024-09-27,0.5,4.6875,4.46875,30.0,7
2024,Brayan Bello,brayan bello,678394.0,111,Boston Red Sox,2024-09-24,0.6666666666666666,4.733333333333333,5.2,30.0,7
2024,Nestor Cortes,nestor cortes,641482.0,147,New York Yankees,2024-09-18,0.43333333333333335,4.733333333333333,3.9,30.0,7
2024,MacKenzie Gore,mackenzie gore,669022.0,120,Washington Nationals,2024-09-28,0.46875,4.75,4.875,30.0,7
2024,Kyle Gibson,kyle gibson,502043.0,138,St. Louis Cardinals,2024-09-26,0.4666666666666667,4.866666666666666,4.333333333333333,30.0,7
2024,Brandon Pfaadt,brandon pfaadt,694297.0,109,Arizona Diamondbacks,2024-09-29,0.5625,5.0,5.03125,30.0,7
2024,Kutter Crawford,kutter crawford,676710.0,111,Boston Red Sox,2024-09-28,0.3125,5.03125,3.96875,30.0,7
2024,Yusei Kikuchi,yusei kikuchi,579328.0,117,Houston Astros,2024-09-25,0.5,5.125,4.0,30.0,7
2024,Luis Severino,luis severino,622663.0,121,New York Mets,2024-10-16,0.47058823529411764,5.235294117647059,4.676470588235294,30.0,7
2024,Chris Bassitt,chris bassitt,605135.0,141,Toronto Blue Jays,2024-09-23,0.3548387096774194,5.258064516129032,4.032258064516129,30.0,7
2024,Griffin Canning,griffin canning,656288.0,108,Los Angeles Angels,2024-09-28,0.41935483870967744,5.419354838709677,4.290322580645161,30.0,7
2024,Austin Gomber,austin gomber,596295.0,115,Colorado Rockies,2024-09-25,0.4,5.433333333333334,4.233333333333333,30.0,7
2024,Patrick Corbin,patrick corbin,571578.0,120,Washington Nationals,2024-09-26,0.34375,5.46875,3.5625,30.0,7
2024,Ryan Feltner,ryan feltner,663372.0,115,Colorado Rockies,2024-09-29,0.36666666666666664,5.566666666666666,4.5,30.0,7
2024,Chris Flexen,chris flexen,623167.0,145,Chicago White Sox,2024-09-26,0.15625,6.09375,3.34375,30.0,7
2024,Chris Sale,chris sale,519242.0,144,Atlanta Braves,2024-09-19,0.7586206896551724,2.413793103448276,5.413793103448276,29.0,7
2024,Framber Valdez,framber valdez,664285.0,117,Houston Astros,2024-10-01,0.6551724137931034,2.6206896551724137,4.344827586206897,29.0,7
2024,Shota Imanaga,shota imanaga,684007.0,112,Chicago Cubs,2024-09-22,0.7931034482758621,2.8620689655172415,5.275862068965517,29.0,7
2024,Ben Lively,ben lively,594902.0,114,Cleveland Guardians,2024-09-28,0.6206896551724138,3.206896551724138,4.724137931034483,29.0,7
2024,Ronel Blanco,ronel blanco,669854.0,117,Houston Astros,2024-09-27,0.6896551724137931,3.2413793103448274,4.931034482758621,29.0,7
2024,Nathan Eovaldi,nathan eovaldi,543135.0,140,Texas Rangers,2024-09-29,0.5862068965517241,3.7586206896551726,4.793103448275862,29.0,7
2024,Javier Assad,javier assad,665871.0,112,Chicago Cubs,2024-09-25,0.5172413793103449,3.8620689655172415,4.586206896551724,29.0,7
2024,Zach Eflin,zach eflin,621107.0,110,Baltimore Orioles,2024-10-02,0.5862068965517241,4.068965517241379,4.172413793103448,29.0,7
2024,Zack Littell,zack littell,641793.0,139,Tampa Bay Rays,2024-09-25,0.4827586206896552,4.137931034482759,3.5517241379310347,29.0,7
2024,Marcus Stroman,marcus stroman,573186.0,147,New York Yankees,2024-09-25,0.5862068965517241,4.482758620689655,5.689655172413793,29.0,7
2024,Mitchell Parker,mitchell parker,680730.0,120,Washington Nationals,2024-09-24,0.4482758620689655,5.310344827586207,4.275862068965517,29.0,7
2024,Cal Quantrill,cal quantrill,615698.0,115,Colorado Rockies,2024-09-27,0.4482758620689655,5.827586206896552,5.103448275862069,29.0,7
2024,Ranger Suarez,ranger suarez,624133.0,143,Philadelphia Phillies,2024-10-09,0.6071428571428571,3.7142857142857144,4.928571428571429,28.0,7
2024,Zac Gallen,zac gallen,668678.0,109,Arizona Diamondbacks,2024-09-25,0.6428571428571429,3.8214285714285716,5.714285714285714,28.0,7
2024,Sonny Gray,sonny gray,543243.0,138,St. Louis Cardinals,2024-09-18,0.6071428571428571,4.0,4.107142857142857,28.0,7
2024,Jameson Taillon,jameson taillon,592791.0,112,Chicago Cubs,2024-09-27,0.5,4.071428571428571,4.535714285714286,28.0,7
2024,Simeon Woods Richardson,simeon woods richardson,680573.0,142,Minnesota Twins,2024-09-25,0.6071428571428571,4.321428571428571,4.464285714285714,28.0,7
2024,Nick Pivetta,nick pivetta,601713.0,111,Boston Red Sox,2024-09-27,0.5,4.392857142857143,4.178571428571429,28.0,7
2024,Spencer Arrighetti,spencer arrighetti,681293.0,117,Houston Astros,2024-09-22,0.35714285714285715,4.535714285714286,4.357142857142857,28.0,7
2024,Bailey Falter,bailey falter,663559.0,134,Pittsburgh Pirates,2024-09-29,0.42857142857142855,4.785714285714286,4.214285714285714,28.0,7
2024,Colin Rea,colin rea,607067.0,158,Milwaukee Brewers,2024-09-29,0.6296296296296297,4.407407407407407,4.62962962962963,27.0,7
2024,Hunter Greene,hunter greene,668881.0,113,Cincinnati Reds,2024-09-29,0.4230769230769231,3.576923076923077,3.730769230769231,26.0,7
2024,Tobias Myers,tobias myers,668964.0,158,Milwaukee Brewers,2024-10-03,0.5,3.923076923076923,5.115384615384615,26.0,7
2024,Ryan Pepiot,ryan pepiot,686752.0,139,Tampa Bay Rays,2024-09-29,0.5,3.9615384615384617,3.5,26.0,7
2024,Matt Waldron,matt waldron,663362.0,135,San Diego Padres,2024-08-21,0.4230769230769231,4.615384615384615,4.1923076923076925,26.0,7
2024,Martín Pérez,martín pérez,527048.0,135,San Diego Padres,2024-09-29,0.5384615384615384,4.653846153846154,4.3076923076923075,26.0,7
2024,Reynaldo López,reynaldo lópez,625643.0,144,Atlanta Braves,2024-09-28,0.64,2.56,4.2,25.0,7
2024,Andrew Abbott,andrew abbott,671096.0,113,Cincinnati Reds,2024-08-18,0.52,3.2,4.2,25.0,7
2024,Gavin Stone,gavin stone,694813.0,119,Los Angeles Dodgers,2024-08-31,0.68,3.6,4.76,25.0,7
2024,Taj Bradley,taj bradley,671737.0,139,Tampa Bay Rays,2024-09-27,0.48,3.84,3.44,25.0,7
2024,Alec Marsh,alec marsh,679525.0,118,Kansas City Royals,2024-09-29,0.64,4.24,5.36,25.0,7
2024,Ryne Nelson,ryne nelson,669194.0,109,Arizona Diamondbacks,2024-09-08,0.6,4.56,5.4,25.0,7
2024,Trevor Rogers,trevor rogers,669432.0,110,Baltimore Orioles,2024-08-19,0.28,5.48,2.92,25.0,7
2024,Albert Suárez,albert suárez,544150.0,110,Baltimore Orioles,2024-09-29,0.5416666666666666,3.9166666666666665,3.2083333333333335,24.0,7
2024,Justin Steele,justin steele,657006.0,112,Chicago Cubs,2024-09-24,0.4583333333333333,4.0,4.625,24.0,7
2024,Lance Lynn,lance lynn,458681.0,138,St. Louis Cardinals,2024-09-17,0.6666666666666666,4.041666666666667,4.416666666666667,24.0,7
2024,Kyle Harrison,kyle harrison,690986.0,137,San Francisco Giants,2024-09-03,0.5833333333333334,4.208333333333333,5.458333333333333,24.0,7
2024,Michael Lorenzen,michael lorenzen,547179.0,118,Kansas City Royals,2024-09-25,0.4166666666666667,4.25,3.625,24.0,7
2024,Mitch Spence,mitch spence,687765.0,133,Oakland Athletics,2024-09-29,0.375,4.958333333333333,3.9583333333333335,24.0,7
2024,Dean Kremer,dean kremer,665152.0,110,Baltimore Orioles,2024-09-24,0.4166666666666667,5.166666666666667,4.375,24.0,7
2024,Joey Estes,joey estes,683155.0,133,Oakland Athletics,2024-09-28,0.4166666666666667,5.25,4.75,24.0,7
2024,Kyle Hendricks,kyle hendricks,543294.0,112,Chicago Cubs,2024-09-28,0.4583333333333333,5.583333333333333,4.458333333333333,24.0,7
2024,Paul Skenes,paul skenes,694973.0,134,Pittsburgh Pirates,2024-09-28,0.6521739130434783,3.391304347826087,5.260869565217392,23.0,7
2024,Joe Ryan,joe ryan,657746.0,142,Minnesota Twins,2024-08-07,0.4782608695652174,4.173913043478261,4.391304347826087,23.0,7
2024,Reese Olson,reese olson,681857.0,116,Detroit Tigers,2024-10-10,0.391304347826087,4.304347826086956,3.6956521739130435,23.0,7
2024,Tyler Glasnow,tyler glasnow,607192.0,119,Los Angeles Dodgers,2024-08-11,0.6363636363636364,3.6363636363636362,5.2272727272727275,22.0,7
2024,Bryan Woo,bryan woo,693433.0,136,Seattle Mariners,2024-09-27,0.6363636363636364,3.727272727272727,4.5,22.0,7
2024,Yoshinobu Yamamoto,yoshinobu yamamoto,808967.0,119,Los Angeles Dodgers,2024-10-26,0.6818181818181818,3.8636363636363638,5.636363636363637,22.0,7
2024,David Peterson,david peterson,656849.0,121,New York Mets,2024-10-18,0.7272727272727273,4.045454545454546,6.181818181818182,22.0,7
2024,Gerrit Cole,gerrit cole,543037.0,147,New York Yankees,2024-10-30,0.5909090909090909,4.045454545454546,5.2272727272727275,22.0,7
2024,Jared Jones,jared jones,683003.0,134,Pittsburgh Pirates,2024-09-27,0.5,5.0,3.5,22.0,7
2024,Spencer Schwellenbach,spencer schwellenbach,680885.0,144,Atlanta Braves,2024-09-30,0.47619047619047616,4.0,4.095238095238095,21.0,7
2024,Nick Lodolo,nick lodolo,666157.0,113,Cincinnati Reds,2024-08-22,0.6190476190476191,4.380952380952381,4.0476190476190474,21.0,7
2024,Jonathan Cannon,jonathan cannon,686563.0,145,Chicago White Sox,2024-09-29,0.38095238095238093,4.476190476190476,3.6666666666666665,21.0,7
2024,Carlos Carrasco,carlos carrasco,471911.0,114,Cleveland Guardians,2024-08-07,0.38095238095238093,4.571428571428571,3.380952380952381,21.0,7
2024,James Paxton,james paxton,572020.0,111,Boston Red Sox,2024-08-11,0.7142857142857143,4.571428571428571,6.285714285714286,21.0,7
2024,Kyle Freeland,kyle freeland,607536.0,115,Colorado Rockies,2024-09-26,0.5714285714285714,5.380952380952381,4.095238095238095,21.0,7
2024,Jordan Montgomery,jordan montgomery,656756.0,109,Arizona Diamondbacks,2024-09-22,0.5714285714285714,5.857142857142857,6.380952380952381,21.0,7
2024,Blake Snell,blake snell,605483.0,137,San Francisco Giants,2024-09-22,0.7,3.7,4.5,20.0,7
2024,Joe Musgrove,joe musgrove,605397.0,135,San Diego Padres,2024-10-02,0.6,3.75,4.5,20.0,7
2024,Andre Pallante,andre pallante,669467.0,138,St. Louis Cardinals,2024-09-28,0.5,3.85,3.3,20.0,7
2024,Grayson Rodriguez,grayson rodriguez,680570.0,110,Baltimore Orioles,2024-07-31,0.7,4.15,6.3,20.0,7
2024,Jordan Hicks,jordan hicks,663855.0,137,San Francisco Giants,2024-07-23,0.4,4.4,4.3,20.0,7
2024,José Soriano,josé soriano,667755.0,108,Los Angeles Angels,2024-08-16,0.5,4.4,4.05,20.0,7
2024,Casey Mize,casey mize,663554.0,116,Detroit Tigers,2024-09-17,0.6,4.45,4.8,20.0,7
2024,Yariel Rodríguez,yariel rodríguez,684320.0,141,Toronto Blue Jays,2024-09-28,0.3,4.7,3.5,20.0,7
2024,Jon Gray,jon gray,592351.0,140,Texas Rangers,2024-08-30,0.45,4.85,3.8,20.0,7
2024,Randy Vásquez,randy vásquez,681190.0,135,San Diego Padres,2024-09-28,0.45,4.95,4.8,20.0,7
2024,Logan Allen,logan allen,671106.0,114,Cleveland Guardians,2024-08-26,0.55,5.1,5.7,20.0,7
2024,Edward Cabrera,edward cabrera,665795.0,146,Miami Marlins,2024-09-25,0.4,5.85,4.35,20.0,7
2024,Clarke Schmidt,clarke schmidt,657376.0,147,New York Yankees,2024-10-28,0.631578947368421,3.3684210526315788,3.8421052631578947,19.0,7
2024,Walker Buehler,walker buehler,621111.0,119,Los Angeles Dodgers,2024-10-28,0.5789473684210527,3.9473684210526314,5.157894736842105,19.0,7
2024,DJ Herz,dj herz,687792.0,120,Washington Nationals,2024-09-25,0.3684210526315789,4.7368421052631575,3.6315789473684212,19.0,7
2024,Cooper Criswell,cooper criswell,681867.0,111,Boston Red Sox,2024-09-12,0.6666666666666666,3.388888888888889,4.833333333333333,18.0,7
2024,Yu Darvish,yu darvish,506433.0,135,San Diego Padres,2024-10-11,0.7222222222222222,3.7777777777777777,4.777777777777778,18.0,7
2024,Dakota Hudson,dakota hudson,641712.0,115,Colorado Rockies,2024-08-10,0.16666666666666666,6.111111111111111,3.0555555555555554,18.0,7
2024,Keider Montero,keider montero,672456.0,116,Detroit Tigers,2024-10-09,0.6470588235294118,3.6470588235294117,4.647058823529412,17.0,7
2024,Chris Paddack,chris paddack,663978.0,142,Minnesota Twins,2024-07-14,0.6470588235294118,4.470588235294118,5.588235294117647,17.0,7
2024,Gavin Williams,gavin williams,668909.0,114,Cleveland Guardians,2024-10-18,0.23529411764705882,4.470588235294118,2.235294117647059,17.0,7
2024,Justin Verlander,justin verlander,434378.0,117,Houston Astros,2024-09-28,0.4117647058823529,4.882352941176471,4.176470588235294,17.0,7
2024,Reid Detmers,reid detmers,672282.0,108,Los Angeles Angels,2024-09-27,0.35294117647058826,5.705882352941177,3.9411764705882355,17.0,7
2024,Roddery Muñoz,roddery muñoz,682610.0,146,Miami Marlins,2024-08-27,0.29411764705882354,5.705882352941177,4.176470588235294,17.0,7
2024,Kenta Maeda,kenta maeda,628317.0,116,Detroit Tigers,2024-09-29,0.29411764705882354,6.294117647058823,4.235294117647059,17.0,7
2024,Cole Irvin,cole irvin,608344.0,110,Baltimore Orioles,2024-08-27,0.625,3.9375,5.625,16.0,7
2024,Ryan Weathers,ryan weathers,677960.0,146,Miami Marlins,2024-09-29,0.5,4.0625,3.1875,16.0,7
2024,Nick Martinez,nick martinez,607259.0,113,Cincinnati Reds,2024-09-27,0.5,4.125,5.1875,16.0,7
2024,Triston McKenzie,triston mckenzie,663474.0,114,Cleveland Guardians,2024-06-28,0.6875,4.25,5.0625,16.0,7
2024,Hayden Birdsong,hayden birdsong,806185.0,137,San Francisco Giants,2024-09-29,0.375,4.25,3.3125,16.0,7
2024,Patrick Sandoval,patrick sandoval,663776.0,108,Los Angeles Angels,2024-06-21,0.4375,4.6875,4.5625,16.0,7
2024,Cade Povich,cade povich,700249.0,110,Baltimore Orioles,2024-09-27,0.375,5.8125,4.5625,16.0,7
2024,Luis Ortiz,luis ortiz,682847.0,134,Pittsburgh Pirates,2024-09-25,0.4666666666666667,3.533333333333333,3.7333333333333334,15.0,7
2024,Tylor Megill,tylor megill,656731.0,121,New York Mets,2024-09-30,0.5333333333333333,4.333333333333333,4.533333333333333,15.0,7
2024,Graham Ashcraft,graham ashcraft,668933.0,113,Cincinnati Reds,2024-07-07,0.4666666666666667,5.333333333333333,5.066666666666666,15.0,7
2024,Dane Dunning,dane dunning,641540.0,140,Texas Rangers,2024-09-21,0.5333333333333333,5.466666666666667,5.066666666666666,15.0,7
2024,Taijuan Walker,taijuan walker,592836.0,143,Philadelphia Phillies,2024-09-19,0.26666666666666666,6.066666666666666,4.666666666666667,15.0,7
2024,Shane Baz,shane baz,669358.0,139,Tampa Bay Rays,2024-09-28,0.5714285714285714,2.9285714285714284,4.0,14.0,7
2024,Paul Blackburn,paul blackburn,621112.0,121,New York Mets,2024-08-23,0.6428571428571429,4.0,4.857142857142857,14.0,7
2024,Ross Stripling,ross stripling,548389.0,133,Oakland Athletics,2024-08-06,0.21428571428571427,5.0,2.7857142857142856,14.0,7
2024,Trevor Williams,trevor williams,592866.0,120,Washington Nationals,2024-09-27,0.7692307692307693,2.769230769230769,4.461538461538462,13.0,7
2024,Cody Bradford,cody bradford,674003.0,140,Texas Rangers,2024-09-25,0.6923076923076923,3.3076923076923075,4.923076923076923,13.0,7
2024,Bowden Francis,bowden francis,670102.0,141,Toronto Blue Jays,2024-09-24,0.46153846153846156,4.153846153846154,3.0,13.0,7
2024,Merrill Kelly,merrill kelly,518876.0,109,Arizona Diamondbacks,2024-09-27,0.46153846153846156,4.230769230769231,5.769230769230769,13.0,7
2024,David Festa,david festa,701581.0,142,Minnesota Twins,2024-09-26,0.38461538461538464,4.230769230769231,3.8461538461538463,13.0,7
2024,Valente Bellozo,valente bellozo,678368.0,146,Miami Marlins,2024-09-26,0.5384615384615384,5.0,4.153846153846154,13.0,7
2024,Slade Cecconi,slade cecconi,677944.0,109,Arizona Diamondbacks,2024-07-10,0.46153846153846156,5.153846153846154,4.3076923076923075,13.0,7
2024,Bobby Miller,bobby miller,676272.0,119,Los Angeles Dodgers,2024-09-17,0.46153846153846156,6.153846153846154,5.153846153846154,13.0,7
2024,Beau Brieske,beau brieske,689225.0,116,Detroit Tigers,2024-09-28,0.5833333333333334,2.9166666666666665,3.8333333333333335,12.0,7
2024,Landon Knack,landon knack,689017.0,119,Los Angeles Dodgers,2024-09-24,0.3333333333333333,3.8333333333333335,3.5833333333333335,12.0,7
2024,Jesús Luzardo,jesús luzardo,666200.0,146,Miami Marlins,2024-06-16,0.3333333333333333,4.416666666666667,3.1666666666666665,12.0,7
2024,Emerson Hancock,emerson hancock,676106.0,136,Seattle Mariners,2024-09-28,0.5833333333333334,4.666666666666667,5.333333333333333,12.0,7
2024,Ty Blach,ty blach,621389.0,115,Colorado Rockies,2024-09-07,0.3333333333333333,5.083333333333333,3.5833333333333335,12.0,7
2024,Keaton Winn,keaton winn,676775.0,137,San Francisco Giants,2024-06-20,0.25,5.75,2.5833333333333335,12.0,7
2024,Matthew Boyd,matthew boyd,571510.0,114,Cleveland Guardians,2024-10-17,0.7272727272727273,3.272727272727273,4.2727272727272725,11.0,7
2024,Tyler Holton,tyler holton,663947.0,116,Detroit Tigers,2024-10-05,0.36363636363636365,4.818181818181818,2.4545454545454546,11.0,7
2024,Jack Kochanowicz,jack kochanowicz,686799.0,108,Los Angeles Angels,2024-09-29,0.2727272727272727,4.909090909090909,2.4545454545454546,11.0,7
2024,Max Meyer,max meyer,676974.0,146,Miami Marlins,2024-09-03,0.36363636363636365,5.090909090909091,4.0,11.0,7
2024,Jordan Wicks,jordan wicks,696136.0,112,Chicago Cubs,2024-09-17,0.4,3.9,4.9,10.0,7
2024,Eduardo Rodriguez,eduardo rodriguez,593958.0,109,Arizona Diamondbacks,2024-09-28,0.5,5.1,4.4,10.0,7
2024,Erik Miller,erik miller,669062.0,137,San Francisco Giants,2024-07-28,0.6,5.2,5.1,10.0,7
2024,Bryce Elder,bryce elder,693821.0,144,Atlanta Braves,2024-08-06,0.4,5.5,2.9,10.0,7
2024,Carson Spiers,carson spiers,686730.0,113,Cincinnati Reds,2024-09-24,0.4,5.5,4.8,10.0,7
2024,Davis Martin,davis martin,663436.0,145,Chicago White Sox,2024-09-25,0.1,5.5,2.2,10.0,7
2024,Joe Boyle,joe boyle,671212.0,133,Oakland Athletics,2024-08-24,0.4,5.6,3.8,10.0,7
2024,Joe Ross,joe ross,605452.0,158,Milwaukee Brewers,2024-07-30,0.3,5.6,3.4,10.0,7
2024,Kyle Bradish,kyle bradish,680694.0,110,Baltimore Orioles,2024-06-14,0.6666666666666666,3.0,4.444444444444445,9.0,7
2024,Hogan Harris,hogan harris,663687.0,133,Oakland Athletics,2024-07-22,0.4444444444444444,3.111111111111111,3.3333333333333335,9.0,7
2024,Max Scherzer,max scherzer,453286.0,140,Texas Rangers,2024-09-14,0.4444444444444444,3.6666666666666665,2.888888888888889,9.0,7
2024,Bryse Wilson,bryse wilson,669060.0,158,Milwaukee Brewers,2024-06-20,0.4444444444444444,3.888888888888889,3.4444444444444446,9.0,7
2024,Osvaldo Bido,osvaldo bido,674370.0,133,Oakland Athletics,2024-09-02,0.6666666666666666,4.0,5.222222222222222,9.0,7
2024,Alex Wood,alex wood,622072.0,133,Oakland Athletics,2024-05-12,0.4444444444444444,4.777777777777778,3.5555555555555554,9.0,7
2024,Tyler Alexander,tyler alexander,641302.0,139,Tampa Bay Rays,2024-09-26,0.4444444444444444,5.0,4.222222222222222,9.0,7
2024,Christian Scott,christian scott,681035.0,121,New York Mets,2024-07-21,0.2222222222222222,5.222222222222222,3.111111111111111,9.0,7
2024,Drew Thorpe,drew thorpe,689672.0,145,Chicago White Sox,2024-07-31,0.3333333333333333,5.444444444444445,3.0,9.0,7
2024,José Ureña,josé ureña,570632.0,140,Texas Rangers,2024-08-13,0.3333333333333333,5.666666666666667,5.111111111111111,9.0,7
2024,Zebby Matthews,zebby matthews,805673.0,142,Minnesota Twins,2024-09-28,0.3333333333333333,6.0,3.6666666666666665,9.0,7
2024,Michael Soroka,michael soroka,647336.0,145,Chicago White Sox,2024-05-12,0.1111111111111111,7.333333333333333,3.5555555555555554,9.0,7
2024,Carson Fulmer,carson fulmer,608334.0,108,Los Angeles Angels,2024-08-24,0.375,4.125,4.0,8.0,7
2024,Joey Cantillo,joey cantillo,676282.0,114,Cleveland Guardians,2024-09-27,0.5,4.125,3.375,8.0,7
2024,Mason Black,mason black,696131.0,137,San Francisco Giants,2024-09-25,0.375,4.75,3.0,8.0,7
2024,Adam Oller,adam oller,670124.0,146,Miami Marlins,2024-09-27,0.25,5.0,5.0,8.0,7
2024,Ben Brown,ben brown,676962.0,112,Chicago Cubs,2024-06-08,0.375,5.25,3.125,8.0,7
2024,Nick Nastrini,nick nastrini,680897.0,145,Chicago White Sox,2024-09-03,0.125,5.25,1.875,8.0,7
2024,Luis Medina,luis medina,665622.0,133,Oakland Athletics,2024-07-11,0.25,5.25,3.625,8.0,7
2024,Adam Mazur,adam mazur,800049.0,135,San Diego Padres,2024-07-26,0.5,5.875,4.625,8.0,7
2024,Tanner Gordon,tanner gordon,685299.0,115,Colorado Rockies,2024-09-11,0.125,6.75,3.0,8.0,7
2024,Jeffrey Springs,jeffrey springs,605488.0,139,Tampa Bay Rays,2024-09-03,0.7142857142857143,2.142857142857143,3.7142857142857144,7.0,7
2024,José Buttó,josé buttó,676130.0,121,New York Mets,2024-05-14,0.5714285714285714,2.857142857142857,2.7142857142857144,7.0,7
2024,Spencer Turnbull,spencer turnbull,605513.0,143,Philadelphia Phillies,2024-06-26,0.8571428571428571,3.4285714285714284,6.0,7.0,7
2024,Cristian Javier,cristian javier,664299.0,117,Houston Astros,2024-05-21,0.5714285714285714,4.285714285714286,5.142857142857143,7.0,7
2024,Robbie Ray,robbie ray,592662.0,137,San Francisco Giants,2024-08-25,0.5714285714285714,4.285714285714286,4.285714285714286,7.0,7
2024,Grant Holmes,grant holmes,656550.0,144,Atlanta Braves,2024-09-30,0.42857142857142855,4.285714285714286,5.285714285714286,7.0,7
2024,Sixto Sánchez,sixto sánchez,664350.0,146,Miami Marlins,2024-05-31,0.42857142857142855,4.428571428571429,5.714285714285714,7.0,7
2024,Hayden Wesneski,hayden wesneski,669713.0,112,Chicago Cubs,2024-07-13,0.14285714285714285,4.571428571428571,2.857142857142857,7.0,7
2024,Tyler Phillips,tyler phillips,663969.0,143,Philadelphia Phillies,2024-09-03,0.8571428571428571,4.714285714285714,7.857142857142857,7.0,7
2024,Louis Varland,louis varland,686973.0,142,Minnesota Twins,2024-08-14,0.14285714285714285,4.857142857142857,3.0,7.0,7
2024,Quinn Priester,quinn priester,682990.0,111,Boston Red Sox,2024-09-29,0.14285714285714285,4.857142857142857,1.5714285714285714,7.0,7
2024,Kyle Tyler,kyle tyler,667725.0,146,Miami Marlins,2024-08-08,0.42857142857142855,4.857142857142857,3.857142857142857,7.0,7
2024,Marco Gonzales,marco gonzales,594835.0,134,Pittsburgh Pirates,2024-08-07,0.42857142857142855,5.0,4.428571428571429,7.0,7
2024,DL Hall,dl hall,669084.0,158,Milwaukee Brewers,2024-09-15,0.5714285714285714,5.142857142857143,8.571428571428571,7.0,7
2024,Julian Aguiar,julian aguiar,687924.0,113,Cincinnati Reds,2024-09-19,0.8571428571428571,5.285714285714286,6.428571428571429,7.0,7
2024,Braxton Garrett,braxton garrett,666129.0,146,Miami Marlins,2024-06-17,0.5714285714285714,5.428571428571429,6.0,7.0,7
2024,Clayton Kershaw,clayton kershaw,477132.0,119,Los Angeles Dodgers,2024-08-30,0.5714285714285714,5.571428571428571,4.857142857142857,7.0,7
2024,Adrian Houser,adrian houser,605288.0,121,New York Mets,2024-05-21,0.2857142857142857,6.428571428571429,4.428571428571429,7.0,7
2024,Steven Matz,steven matz,571927.0,138,St. Louis Cardinals,2024-09-03,0.42857142857142855,6.714285714285714,4.714285714285714,7.0,7
2024,Tommy Henry,tommy henry,674072.0,109,Arizona Diamondbacks,2024-06-22,0.42857142857142855,7.142857142857143,6.428571428571429,7.0,7
2024,Jake Woodford,jake woodford,663765.0,134,Pittsburgh Pirates,2024-09-18,0.0,8.285714285714286,2.7142857142857144,7.0,7
2024,Jared Koenig,jared koenig,657649.0,158,Milwaukee Brewers,2024-09-28,0.6666666666666666,1.8333333333333333,4.0,6.0,7
2024,Ryan Burr,ryan burr,621114.0,141,Toronto Blue Jays,2024-09-29,0.5,2.5,3.1666666666666665,6.0,7
2024,Alex Faedo,alex faedo,656412.0,116,Detroit Tigers,2024-08-20,0.3333333333333333,3.0,1.8333333333333333,6.0,7
2024,Ryan Brasier,ryan brasier,518489.0,119,Los Angeles Dodgers,2024-10-14,0.8333333333333334,3.5,6.666666666666667,6.0,7
2024,Josh Winckowski,josh winckowski,670174.0,111,Boston Red Sox,2024-08-10,0.5,4.0,6.0,6.0,7
2024,Davis Daniel,davis daniel,669721.0,108,Los Angeles Angels,2024-08-12,0.16666666666666666,4.166666666666667,2.3333333333333335,6.0,7
2024,Yonny Chirinos,yonny chirinos,630023.0,146,Miami Marlins,2024-07-22,0.5,4.5,4.0,6.0,7
2024,Rhett Lowder,rhett lowder,695076.0,113,Cincinnati Reds,2024-09-28,0.5,4.5,2.1666666666666665,6.0,7
2024,Jakob Junis,jakob junis,596001.0,113,Cincinnati Reds,2024-09-25,0.16666666666666666,4.833333333333333,1.8333333333333333,6.0,7
2024,Matthew Liberatore,matthew liberatore,669461.0,138,St. Louis Cardinals,2024-07-24,0.3333333333333333,5.166666666666667,3.5,6.0,7
2024,Shawn Armstrong,shawn armstrong,542888.0,139,Tampa Bay Rays,2024-07-23,0.6666666666666666,5.5,4.833333333333333,6.0,7
2024,J.T. Ginn,j.t. ginn,669372.0,133,Oakland Athletics,2024-09-26,0.3333333333333333,5.666666666666667,4.0,6.0,7
2024,Bradley Blalock,bradley blalock,687134.0,115,Colorado Rockies,2024-09-10,0.3333333333333333,6.166666666666667,4.333333333333333,6.0,7
2024,Jack Leiter,jack leiter,683004.0,140,Texas Rangers,2024-09-07,0.6666666666666666,6.666666666666667,6.5,6.0,7
2024,Justin Wrobleski,justin wrobleski,680736.0,119,Los Angeles Dodgers,2024-09-01,0.3333333333333333,8.833333333333334,5.666666666666667,6.0,7
2024,Robert Gasser,robert gasser,688107.0,158,Milwaukee Brewers,2024-06-01,1.0,2.6,7.4,5.0,7
2024,Alex Cobb,alex cobb,502171.0,114,Cleveland Guardians,2024-10-14,0.4,3.2,3.4,5.0,7
2024,Xzavion Curry,xzavion curry,675540.0,146,Miami Marlins,2024-09-28,0.8,3.8,6.4,5.0,7
2024,Matt Manning,matt manning,666159.0,116,Detroit Tigers,2024-05-19,0.4,4.6,4.6,5.0,7
2024,Alek Manoah,alek manoah,666201.0,141,Toronto Blue Jays,2024-05-29,0.4,5.0,3.8,5.0,7
2024,Darren McCaughan,darren mccaughan,670766.0,146,Miami Marlins,2024-09-22,0.8,5.4,7.4,5.0,7
2024,Will Warren,will warren,701542.0,147,New York Yankees,2024-08-31,0.4,6.2,5.2,5.0,7
2024,J.P. France,j.p. france,641585.0,117,Houston Astros,2024-04-23,0.0,7.0,3.8,5.0,7
2024,River Ryan,river ryan,689981.0,119,Los Angeles Dodgers,2024-08-10,1.0,1.75,4.0,4.0,7
2024,Brady Basso,brady basso,669620.0,133,Oakland Athletics,2024-09-25,0.5,2.5,2.25,4.0,7
2024,Cody Poteet,cody poteet,547001.0,147,New York Yankees,2024-06-12,0.75,3.0,6.75,4.0,7
2024,John Means,john means,607644.0,110,Baltimore Orioles,2024-05-22,0.75,3.0,5.0,4.0,7
2024,Landen Roupp,landen roupp,694738.0,137,San Francisco Giants,2024-09-27,0.25,3.25,4.25,4.0,7
2024,Kolby Allard,kolby allard,663465.0,143,Philadelphia Phillies,2024-09-14,0.75,3.75,6.5,4.0,7
2024,Carmen Mlodzinski,carmen mlodzinski,669387.0,134,Pittsburgh Pirates,2024-09-10,0.75,4.0,4.5,4.0,7
2024,Dallas Keuchel,dallas keuchel,572971.0,158,Milwaukee Brewers,2024-07-13,0.75,4.0,6.0,4.0,7
2024,Mike Clevinger,mike clevinger,605182.0,145,Chicago White Sox,2024-05-23,0.25,5.25,3.25,4.0,7
2024,Aaron Brooks,aaron brooks,605156.0,133,Oakland Athletics,2024-06-01,0.5,5.25,4.5,4.0,7
2024,Garrett Whitlock,garrett whitlock,676477.0,111,Boston Red Sox,2024-04-16,0.25,5.5,4.25,4.0,7
2024,Yilber Díaz,yilber díaz,700270.0,109,Arizona Diamondbacks,2024-07-28,0.25,5.5,6.25,4.0,7
2024,Ky Bush,ky bush,681066.0,145,Chicago White Sox,2024-08-24,0.25,5.5,4.25,4.0,7
2024,Richard Fitts,richard fitts,690916.0,111,Boston Red Sox,2024-09-25,0.0,5.5,2.25,4.0,7
2024,Jared Shuster,jared shuster,694363.0,145,Chicago White Sox,2024-09-18,0.0,6.5,3.5,4.0,7
2024,Drew Rasmussen,drew rasmussen,656876.0,139,Tampa Bay Rays,2024-09-14,0.25,6.5,4.0,4.0,7
2024,A.J. Puk,a.j. puk,640462.0,146,Miami Marlins,2024-04-19,0.0,7.0,2.25,4.0,7
2024,Michael McGreevy,michael mcgreevy,700241.0,138,St. Louis Cardinals,2024-09-29,1.0,1.6666666666666667,7.666666666666667,3.0,7
2024,Brenan Hanifee,brenan hanifee,669724.0,116,Detroit Tigers,2024-09-27,0.6666666666666666,2.0,3.0,3.0,7
2024,Josh Fleming,josh fleming,676596.0,134,Pittsburgh Pirates,2024-07-09,0.6666666666666666,2.3333333333333335,7.333333333333333,3.0,7
2024,Sean Burke,sean burke,680732.0,145,Chicago White Sox,2024-09-28,0.6666666666666666,2.3333333333333335,3.3333333333333335,3.0,7
2024,Brent Suter,brent suter,608718.0,113,Cincinnati Reds,2024-06-11,0.6666666666666666,2.6666666666666665,4.666666666666667,3.0,7
2024,Brandon Williamson,brandon williamson,682227.0,113,Cincinnati Reds,2024-09-17,0.6666666666666666,3.3333333333333335,3.6666666666666665,3.0,7
2024,Kumar Rocker,kumar rocker,677958.0,140,Texas Rangers,2024-09-26,0.3333333333333333,3.6666666666666665,2.3333333333333335,3.0,7
2024,Zach Plesac,zach plesac,668676.0,108,Los Angeles Angels,2024-06-28,0.6666666666666666,4.0,4.0,3.0,7
2024,Roansy Contreras,roansy contreras,672710.0,108,Los Angeles Angels,2024-07-09,0.3333333333333333,4.0,3.0,3.0,7
2024,Rob Zastryzny,rob zastryzny,642239.0,158,Milwaukee Brewers,2024-07-24,0.6666666666666666,4.333333333333333,6.333333333333333,3.0,7
2024,Carlos Rodriguez,carlos rodriguez,692230.0,158,Milwaukee Brewers,2024-06-22,0.0,4.666666666666667,2.3333333333333335,3.0,7
2024,Tyler Mahle,tyler mahle,641816.0,140,Texas Rangers,2024-08-18,0.3333333333333333,4.666666666666667,4.0,3.0,7
2024,Zack Kelly,zack kelly,677161.0,111,Boston Red Sox,2024-08-26,0.6666666666666666,5.0,5.333333333333333,3.0,7
2024,Kodai Senga,kodai senga,673540.0,121,New York Mets,2024-10-13,0.6666666666666666,5.0,4.666666666666667,3.0,7
2024,Sam Aldegheri,sam aldegheri,691951.0,108,Los Angeles Angels,2024-09-13,0.3333333333333333,5.0,4.333333333333333,3.0,7
2024,Caden Dana,caden dana,702674.0,108,Los Angeles Angels,2024-09-15,0.3333333333333333,5.0,3.6666666666666665,3.0,7
2024,Jacob deGrom,jacob degrom,594798.0,140,Texas Rangers,2024-09-27,0.3333333333333333,5.0,3.6666666666666665,3.0,7
2024,José Suarez,josé suarez,660761.0,108,Los Angeles Angels,2024-09-25,0.0,5.333333333333333,2.6666666666666665,3.0,7
2024,Brennan Bernardino,brennan bernardino,657514.0,111,Boston Red Sox,2024-08-16,0.3333333333333333,6.0,5.666666666666667,3.0,7
2024,Daniel Lynch IV,daniel lynch iv,663738.0,118,Kansas City Royals,2024-06-07,0.3333333333333333,6.333333333333333,6.0,3.0,7
2024,Spencer Howard,spencer howard,675921.0,114,Cleveland Guardians,2024-07-11,0.3333333333333333,6.333333333333333,3.3333333333333335,3.0,7
2024,Tyler Wells,tyler wells,669330.0,110,Baltimore Orioles,2024-04-12,0.0,6.666666666666667,2.0,3.0,7
2024,Fernando Cruz,fernando cruz,518585.0,113,Cincinnati Reds,2024-09-06,0.0,6.666666666666667,4.666666666666667,3.0,7
2024,Antonio Senzatela,antonio senzatela,622608.0,115,Colorado Rockies,2024-09-28,0.3333333333333333,7.0,3.3333333333333335,3.0,7
2024,Peter Lambert,peter lambert,663567.0,115,Colorado Rockies,2024-05-08,0.0,7.666666666666667,4.0,3.0,7
2024,Shane Bieber,shane bieber,669456.0,114,Cleveland Guardians,2024-04-02,1.0,1.0,6.5,2.0,7
2024,Brandon Hughes,brandon hughes,676714.0,109,Arizona Diamondbacks,2024-05-22,1.0,1.5,5.0,2.0,7
2024,AJ Smith-Shawver,aj smith-shawver,700363.0,144,Atlanta Braves,2024-10-01,0.5,2.0,1.5,2.0,7
2024,nan,nan,,139,Tampa Bay Rays,2024-07-28,1.0,2.0,4.0,2.0,7
2024,Michael Grove,michael grove,675627.0,119,Los Angeles Dodgers,2024-06-13,0.0,3.0,1.0,2.0,7
2024,Anthony Banda,anthony banda,607455.0,119,Los Angeles Dodgers,2024-09-29,0.5,3.0,1.5,2.0,7
2024,Cole Sulser,cole sulser,642121.0,139,Tampa Bay Rays,2024-09-09,0.5,3.0,5.0,2.0,7
2024,Darius Vines,darius vines,670241.0,144,Atlanta Braves,2024-04-21,0.5,3.5,5.0,2.0,7
2024,Gerson Garabito,gerson garabito,642520.0,140,Texas Rangers,2024-09-06,0.5,3.5,3.5,2.0,7
2024,Spencer Strider,spencer strider,675911.0,144,Atlanta Braves,2024-04-05,1.0,4.0,7.5,2.0,7
2024,Wade Miley,wade miley,489119.0,158,Milwaukee Brewers,2024-04-16,0.5,4.0,5.0,2.0,7
2024,Blake Walston,blake walston,686796.0,109,Arizona Diamondbacks,2024-06-04,0.5,4.0,4.5,2.0,7
2024,Zack Thompson,zack thompson,668868.0,138,St. Louis Cardinals,2024-04-03,0.0,4.5,2.5,2.0,7
2024,Brad Keller,brad keller,641745.0,145,Chicago White Sox,2024-05-18,0.0,4.5,0.5,2.0,7
2024,Johnny Cueto,johnny cueto,456501.0,108,Los Angeles Angels,2024-08-27,0.0,4.5,1.0,2.0,7
2024,Trevor Richards,trevor richards,670950.0,141,Toronto Blue Jays,2024-06-15,0.5,5.0,3.0,2.0,7
2024,Spencer Bivens,spencer bivens,702352.0,137,San Francisco Giants,2024-09-08,1.0,5.0,8.5,2.0,7
2024,Michael Mercado,michael mercado,675650.0,143,Philadelphia Phillies,2024-07-07,0.5,5.0,3.0,2.0,7
2024,Aaron Ashby,aaron ashby,676879.0,158,Milwaukee Brewers,2024-06-05,0.0,6.0,4.0,2.0,7
2024,Joe Mantiply,joe mantiply,573009.0,109,Arizona Diamondbacks,2024-07-02,0.0,6.0,4.5,2.0,7
2024,Scott McGough,scott mcgough,543518.0,109,Arizona Diamondbacks,2024-06-15,0.5,6.0,5.5,2.0,7
2024,Bryan Hoeing,bryan hoeing,663773.0,146,Miami Marlins,2024-07-10,0.0,6.0,1.5,2.0,7
2024,Joey Lucchesi,joey lucchesi,664192.0,121,New York Mets,2024-09-30,0.0,6.5,2.5,2.0,7
2024,Domingo Germán,domingo germán,593334.0,134,Pittsburgh Pirates,2024-09-04,0.0,6.5,0.0,2.0,7
2024,Tanner Banks,tanner banks,621383.0,143,Philadelphia Phillies,2024-09-24,0.0,7.0,2.0,2.0,7
2024,Ray Kerr,ray kerr,678061.0,144,Atlanta Braves,2024-05-30,0.0,7.0,3.0,2.0,7
2024,Josiah Gray,josiah gray,680686.0,120,Washington Nationals,2024-04-04,0.0,7.5,3.0,2.0,7
2024,Chase Silseth,chase silseth,681217.0,108,Los Angeles Angels,2024-04-07,0.5,8.0,4.5,2.0,7
2024,Hurston Waldrep,hurston waldrep,694462.0,144,Atlanta Braves,2024-06-16,0.0,8.0,5.5,2.0,7
2024,Shaun Anderson,shaun anderson,641312.0,146,Miami Marlins,2024-06-22,0.0,8.5,0.5,2.0,7
2024,Shawn Dubin,shawn dubin,681869.0,117,Houston Astros,2024-07-05,1.0,8.5,11.5,2.0,7
2024,Jake Bloss,jake bloss,814005.0,117,Houston Astros,2024-07-23,0.5,9.5,8.0,2.0,7
2024,Orion Kerkering,orion kerkering,689147.0,143,Philadelphia Phillies,2024-08-03,0.0,12.0,4.0,2.0,7
2024,Allan Winans,allan winans,642216.0,144,Atlanta Braves,2024-07-24,0.0,12.5,4.0,2.0,7
2024,Chad Kuhl,chad kuhl,641771.0,145,Chicago White Sox,2024-06-27,1.0,0.0,1.0,1.0,7
2024,Hunter Bigge,hunter bigge,685801.0,139,Tampa Bay Rays,2024-08-04,1.0,0.0,1.0,1.0,7
2024,Jacob Waguespack,jacob waguespack,621097.0,139,Tampa Bay Rays,2024-04-12,1.0,1.0,2.0,1.0,7
2024,Randy Rodríguez,randy rodríguez,678495.0,137,San Francisco Giants,2024-06-25,1.0,1.0,5.0,1.0,7
2024,Hoby Milner,hoby milner,571948.0,158,Milwaukee Brewers,2024-06-25,1.0,1.0,3.0,1.0,7
2024,Kyle Hurt,kyle hurt,669165.0,119,Los Angeles Dodgers,2024-04-16,1.0,2.0,6.0,1.0,7
2024,Jackson Rutledge,jackson rutledge,671131.0,120,Washington Nationals,2024-07-12,1.0,2.0,5.0,1.0,7
2024,Emilio Pagán,emilio pagán,641941.0,113,Cincinnati Reds,2024-08-14,1.0,2.0,9.0,1.0,7
2024,Brant Hurter,brant hurter,676428.0,116,Detroit Tigers,2024-08-27,1.0,2.0,6.0,1.0,7
2024,Mason Englert,mason englert,669438.0,116,Detroit Tigers,2024-08-28,1.0,2.0,3.0,1.0,7
2024,Andrew Walters,andrew walters,689958.0,114,Cleveland Guardians,2024-09-25,1.0,2.0,5.0,1.0,7
2024,Matt Bowman,matt bowman,621199.0,110,Baltimore Orioles,2024-09-28,1.0,2.0,9.0,1.0,7
2024,Joan Adon,joan adon,672851.0,120,Washington Nationals,2024-04-09,1.0,3.0,5.0,1.0,7
2024,Anthony Maldonado,anthony maldonado,687424.0,146,Miami Marlins,2024-04-26,0.0,3.0,1.0,1.0,7
2024,Jhonathan Díaz,jhonathan díaz,646242.0,136,Seattle Mariners,2024-06-11,1.0,3.0,4.0,1.0,7
2024,Tony Santillan,tony santillan,663574.0,113,Cincinnati Reds,2024-07-30,1.0,3.0,6.0,1.0,7
2024,Jacob Lopez,jacob lopez,682052.0,139,Tampa Bay Rays,2024-08-25,0.0,3.0,1.0,1.0,7
2024,Ty Madden,ty madden,680744.0,116,Detroit Tigers,2024-08-26,1.0,3.0,6.0,1.0,7
2024,Jonathan Bermúdez,jonathan bermúdez,642834.0,146,Miami Marlins,2024-09-11,0.0,3.0,1.0,1.0,7
2024,Caleb Kilian,caleb kilian,668873.0,112,Chicago Cubs,2024-09-29,0.0,3.0,0.0,1.0,7
2024,Elieser Hernández,elieser hernández,622694.0,119,Los Angeles Dodgers,2024-05-15,0.0,4.0,1.0,1.0,7
2024,Cristian Mena,cristian mena,691441.0,109,Arizona Diamondbacks,2024-07-03,1.0,4.0,12.0,1.0,7
2024,Brent Honeywell,brent honeywell,641703.0,119,Los Angeles Dodgers,2024-07-14,0.0,4.0,3.0,1.0,7
2024,Steven Okert,steven okert,595345.0,142,Minnesota Twins,2024-07-24,1.0,4.0,5.0,1.0,7
2024,Nick Sandlin,nick sandlin,680704.0,114,Cleveland Guardians,2024-08-26,0.0,4.0,3.0,1.0,7
2024,Matt Foster,matt foster,641582.0,145,Chicago White Sox,2024-08-28,0.0,4.0,3.0,1.0,7
2024,Walter Pennington,walter pennington,679156.0,140,Texas Rangers,2024-09-01,1.0,4.0,6.0,1.0,7
2024,Blair Henley,blair henley,668874.0,117,Houston Astros,2024-04-08,1.0,5.0,10.0,1.0,7
2024,Germán Márquez,germán márquez,608566.0,115,Colorado Rockies,2024-07-14,1.0,5.0,8.0,1.0,7
2024,Tayler Scott,tayler scott,605463.0,117,Houston Astros,2024-07-29,0.0,5.0,3.0,1.0,7
2024,Brock Burke,brock burke,656271.0,108,Los Angeles Angels,2024-08-22,0.0,5.0,3.0,1.0,7
2024,Tristan Beck,tristan beck,663941.0,137,San Francisco Giants,2024-09-28,1.0,5.0,6.0,1.0,7
2024,Michael Kopech,michael kopech,656629.0,119,Los Angeles Dodgers,2024-10-20,1.0,5.0,10.0,1.0,7
2024,Chase Anderson,chase anderson,502624.0,111,Boston Red Sox,2024-04-25,0.0,6.0,4.0,1.0,7
2024,Jonathan Bowlan,jonathan bowlan,680742.0,118,Kansas City Royals,2024-04-29,0.0,6.0,5.0,1.0,7
2024,Anthony Molina,anthony molina,683627.0,115,Colorado Rockies,2024-05-27,1.0,6.0,8.0,1.0,7
2024,Chayce McDermott,chayce mcdermott,694646.0,110,Baltimore Orioles,2024-07-24,0.0,6.0,3.0,1.0,7
2024,Kenny Rosenberg,kenny rosenberg,670046.0,108,Los Angeles Angels,2024-07-25,0.0,6.0,5.0,1.0,7
2024,Buck Farmer,buck farmer,571656.0,113,Cincinnati Reds,2024-08-23,0.0,6.0,5.0,1.0,7
2024,Nate Pearson,nate pearson,663878.0,112,Chicago Cubs,2024-09-23,0.0,6.0,2.0,1.0,7
2024,Julio Teheran,julio teheran,527054.0,121,New York Mets,2024-04-08,1.0,7.0,8.0,1.0,7
2024,Luke Little,luke little,681432.0,112,Chicago Cubs,2024-04-03,1.0,8.0,9.0,1.0,7
2024,Ryan Walker,ryan walker,676254.0,137,San Francisco Giants,2024-04-24,0.0,8.0,2.0,1.0,7
2024,Gordon Graceffo,gordon graceffo,700669.0,138,St. Louis Cardinals,2024-07-10,0.0,8.0,5.0,1.0,7
2024,Ronny Henriquez,ronny henriquez,678692.0,142,Minnesota Twins,2024-09-04,0.0,9.0,4.0,1.0,7
2024,Paolo Espino,paolo espino,502179.0,141,Toronto Blue Jays,2024-07-31,0.0,10.0,4.0,1.0,7
2024,Seth Johnson,seth johnson,686751.0,143,Philadelphia Phillies,2024-09-08,0.0,10.0,1.0,1.0,7
2024,Dan Altavilla,dan altavilla,656186.0,118,Kansas City Royals,2024-06-12,0.0,11.0,5.0,1.0,7
2024,Ben Casparius,ben casparius,676508.0,119,Los Angeles Dodgers,2024-10-29,0.0,11.0,4.0,1.0,7
2024,Daulton Jefferies,daulton jefferies,641726.0,137,San Francisco Giants,2024-03-31,0.0,13.0,4.0,1.0,7
2024,Ben Joyce,ben joyce,690829.0,108,Los Angeles Angels,2024-06-16,0.0,13.0,6.0,1.0,7
2024,Austin Kitchen,austin kitchen,685116.0,146,Miami Marlins,2024-09-06,0.0,16.0,2.0,1.0,7
2023,Kyle Bradish,kyle bradish,680694.0,110,Baltimore Orioles,2023-10-07,0.6129032258064516,2.967741935483871,4.580645161290323,30.0,7
2023,Blake Snell,blake snell,605483.0,135,San Diego Padres,2023-09-25,0.53125,3.3125,4.1875,30.0,7
2023,Gerrit Cole,gerrit cole,543037.0,147,New York Yankees,2023-09-27,0.696969696969697,3.3333333333333335,4.696969696969697,30.0,7
2023,Kodai Senga,kodai senga,673540.0,121,New York Mets,2023-09-27,0.6,3.3666666666666667,4.566666666666666,30.0,7
2023,Luis Castillo,luis castillo,622491.0,136,Seattle Mariners,2023-09-30,0.5757575757575758,3.4545454545454546,4.818181818181818,30.0,7
2023,George Kirby,george kirby,669923.0,136,Seattle Mariners,2023-10-01,0.5483870967741935,3.5806451612903225,4.387096774193548,30.0,7
2023,Merrill Kelly,merrill kelly,518876.0,109,Arizona Diamondbacks,2023-10-28,0.5588235294117647,3.6176470588235294,4.176470588235294,30.0,7
2023,José Berríos,josé berríos,621244.0,141,Toronto Blue Jays,2023-10-04,0.5151515151515151,3.6363636363636362,4.0606060606060606,30.0,7
2023,Zach Eflin,zach eflin,621107.0,139,Tampa Bay Rays,2023-10-04,0.71875,3.65625,5.375,30.0,7
2023,Logan Gilbert,logan gilbert,669302.0,136,Seattle Mariners,2023-09-28,0.5625,3.6875,4.84375,30.0,7
2023,Josiah Gray,josiah gray,680686.0,120,Washington Nationals,2023-09-26,0.4,3.7,3.8333333333333335,30.0,7
2023,Chris Bassitt,chris bassitt,605135.0,141,Toronto Blue Jays,2023-09-28,0.6060606060606061,3.757575757575758,4.696969696969697,30.0,7
2023,Logan Webb,logan webb,657277.0,137,San Francisco Giants,2023-09-25,0.47058823529411764,3.764705882352941,3.1176470588235294,30.0,7
2023,Zack Wheeler,zack wheeler,554430.0,143,Philadelphia Phillies,2023-10-21,0.6111111111111112,3.7777777777777777,5.416666666666667,30.0,7
2023,Yusei Kikuchi,yusei kikuchi,579328.0,141,Toronto Blue Jays,2023-09-29,0.65625,3.84375,5.59375,30.0,7
2023,Sonny Gray,sonny gray,543243.0,142,Minnesota Twins,2023-10-10,0.4411764705882353,3.8529411764705883,3.588235294117647,30.0,7
2023,Spencer Strider,spencer strider,675911.0,144,Atlanta Braves,2023-10-12,0.7647058823529411,3.8529411764705883,5.882352941176471,30.0,7
2023,Charlie Morton,charlie morton,450203.0,144,Atlanta Braves,2023-09-22,0.5666666666666667,3.9,5.333333333333333,30.0,7
2023,Justin Verlander,justin verlander,434378.0,117,Houston Astros,2023-10-20,0.5666666666666667,3.9,5.033333333333333,30.0,7
2023,Nathan Eovaldi,nathan eovaldi,543135.0,140,Texas Rangers,2023-11-01,0.6774193548387096,3.935483870967742,5.870967741935484,30.0,7
2023,Kevin Gausman,kevin gausman,592332.0,141,Toronto Blue Jays,2023-10-03,0.5,3.9375,3.3125,30.0,7
2023,Max Scherzer,max scherzer,453286.0,140,Texas Rangers,2023-10-30,0.6333333333333333,3.966666666666667,4.966666666666667,30.0,7
2023,Justin Steele,justin steele,657006.0,112,Chicago Cubs,2023-09-26,0.6333333333333333,3.966666666666667,5.766666666666667,30.0,7
2023,Zac Gallen,zac gallen,668678.0,109,Arizona Diamondbacks,2023-11-01,0.525,4.05,4.35,30.0,7
2023,Jesús Luzardo,jesús luzardo,666200.0,146,Miami Marlins,2023-10-03,0.5588235294117647,4.117647058823529,4.264705882352941,30.0,7
2023,Jordan Montgomery,jordan montgomery,656756.0,140,Texas Rangers,2023-10-28,0.3783783783783784,4.162162162162162,4.297297297297297,30.0,7
2023,Taijuan Walker,taijuan walker,592836.0,143,Philadelphia Phillies,2023-09-30,0.6774193548387096,4.193548387096774,4.838709677419355,30.0,7
2023,Joe Ryan,joe ryan,657746.0,142,Minnesota Twins,2023-10-11,0.5333333333333333,4.2,5.1,30.0,7
2023,Pablo López,pablo lópez,641154.0,142,Minnesota Twins,2023-10-08,0.6176470588235294,4.205882352941177,5.382352941176471,30.0,7
2023,Corbin Burnes,corbin burnes,669203.0,158,Milwaukee Brewers,2023-10-03,0.5454545454545454,4.212121212121212,4.666666666666667,30.0,7
2023,Clarke Schmidt,clarke schmidt,657376.0,147,New York Yankees,2023-09-30,0.46875,4.28125,4.34375,30.0,7
2023,Dean Kremer,dean kremer,665152.0,110,Baltimore Orioles,2023-10-10,0.7272727272727273,4.303030303030303,5.545454545454546,30.0,7
2023,Braxton Garrett,braxton garrett,666129.0,146,Miami Marlins,2023-10-04,0.6774193548387096,4.32258064516129,4.161290322580645,30.0,7
2023,Bryce Elder,bryce elder,693821.0,144,Atlanta Braves,2023-10-11,0.65625,4.34375,5.65625,30.0,7
2023,Kyle Gibson,kyle gibson,502043.0,110,Baltimore Orioles,2023-09-30,0.6060606060606061,4.363636363636363,5.2727272727272725,30.0,7
2023,Mitch Keller,mitch keller,656605.0,134,Pittsburgh Pirates,2023-09-26,0.53125,4.375,4.03125,30.0,7
2023,Freddy Peralta,freddy peralta,642547.0,158,Milwaukee Brewers,2023-10-04,0.5483870967741935,4.387096774193548,4.548387096774194,30.0,7
2023,Framber Valdez,framber valdez,664285.0,117,Houston Astros,2023-10-22,0.5,4.411764705882353,4.352941176470588,30.0,7
2023,Aaron Nola,aaron nola,605400.0,143,Philadelphia Phillies,2023-10-23,0.6111111111111112,4.416666666666667,5.555555555555555,30.0,7
2023,Cristian Javier,cristian javier,664299.0,117,Houston Astros,2023-10-23,0.6764705882352942,4.647058823529412,6.4411764705882355,30.0,7
2023,Johan Oviedo,johan oviedo,670912.0,134,Pittsburgh Pirates,2023-09-27,0.40625,4.71875,4.21875,30.0,7
2023,Dylan Cease,dylan cease,656302.0,145,Chicago White Sox,2023-09-29,0.48484848484848486,4.787878787878788,4.2727272727272725,30.0,7
2023,Andrew Heaney,andrew heaney,571760.0,140,Texas Rangers,2023-10-31,0.5806451612903226,4.870967741935484,6.354838709677419,30.0,7
2023,Miles Mikolas,miles mikolas,571945.0,138,St. Louis Cardinals,2023-10-01,0.4166666666666667,5.0,4.055555555555555,30.0,7
2023,JP Sears,jp sears,676664.0,133,Oakland Athletics,2023-10-01,0.28125,5.28125,3.15625,30.0,7
2023,Trevor Williams,trevor williams,592866.0,120,Washington Nationals,2023-09-29,0.5,5.40625,4.5,30.0,7
2023,Lance Lynn,lance lynn,458681.0,119,Los Angeles Dodgers,2023-10-11,0.5151515151515151,5.484848484848484,5.090909090909091,30.0,7
2023,Lucas Giolito,lucas giolito,608337.0,114,Cleveland Guardians,2023-10-01,0.2727272727272727,5.606060606060606,4.303030303030303,30.0,7
2023,Patrick Corbin,patrick corbin,571578.0,120,Washington Nationals,2023-09-27,0.46875,5.9375,4.6875,30.0,7
2023,Jordan Lyles,jordan lyles,543475.0,118,Kansas City Royals,2023-09-29,0.22580645161290322,6.354838709677419,4.870967741935484,30.0,7
2023,Jon Gray,jon gray,592351.0,140,Texas Rangers,2023-09-25,0.5862068965517241,3.9310344827586206,5.275862068965517,29.0,7
2023,Hunter Brown,hunter brown,686613.0,117,Houston Astros,2023-09-24,0.4827586206896552,4.620689655172414,4.551724137931035,29.0,7
2023,Jameson Taillon,jameson taillon,592791.0,112,Chicago Cubs,2023-09-27,0.3793103448275862,4.862068965517241,4.689655172413793,29.0,7
2023,Kyle Freeland,kyle freeland,607536.0,115,Colorado Rockies,2023-09-16,0.3793103448275862,5.103448275862069,3.793103448275862,29.0,7
2023,Brady Singer,brady singer,663903.0,118,Kansas City Royals,2023-09-18,0.4827586206896552,5.275862068965517,4.827586206896552,29.0,7
2023,Alex Cobb,alex cobb,502171.0,137,San Francisco Giants,2023-09-19,0.6428571428571429,3.8214285714285716,4.25,28.0,7
2023,Brayan Bello,brayan bello,678394.0,111,Boston Red Sox,2023-09-27,0.6071428571428571,4.107142857142857,5.464285714285714,28.0,7
2023,Sandy Alcantara,sandy alcantara,645261.0,146,Miami Marlins,2023-09-03,0.39285714285714285,4.785714285714286,3.9642857142857144,28.0,7
2023,Reid Detmers,reid detmers,672282.0,108,Los Angeles Angels,2023-09-26,0.42857142857142855,5.5,4.642857142857143,28.0,7
2023,Patrick Sandoval,patrick sandoval,663776.0,108,Los Angeles Angels,2023-09-25,0.2857142857142857,5.785714285714286,3.892857142857143,28.0,7
2023,Bailey Ober,bailey ober,641927.0,142,Minnesota Twins,2023-10-07,0.5925925925925926,3.6296296296296298,4.222222222222222,27.0,7
2023,Zack Greinke,zack greinke,425844.0,118,Kansas City Royals,2023-10-01,0.2962962962962963,4.925925925925926,3.3703703703703702,27.0,7
2023,MacKenzie Gore,mackenzie gore,669022.0,120,Washington Nationals,2023-09-08,0.37037037037037035,4.962962962962963,3.7777777777777777,27.0,7
2023,Jack Flaherty,jack flaherty,656427.0,110,Baltimore Orioles,2023-09-15,0.5925925925925926,5.074074074074074,5.777777777777778,27.0,7
2023,Rich Hill,rich hill,448179.0,135,San Diego Padres,2023-09-04,0.37037037037037035,5.296296296296297,4.555555555555555,27.0,7
2023,Austin Gomber,austin gomber,596295.0,115,Colorado Rockies,2023-08-28,0.48148148148148145,5.37037037037037,5.074074074074074,27.0,7
2023,Ryne Nelson,ryne nelson,669194.0,109,Arizona Diamondbacks,2023-09-17,0.4444444444444444,5.481481481481482,4.592592592592593,27.0,7
2023,Michael Kopech,michael kopech,656629.0,145,Chicago White Sox,2023-09-20,0.3333333333333333,5.518518518518518,3.5925925925925926,27.0,7
2023,Clayton Kershaw,clayton kershaw,477132.0,119,Los Angeles Dodgers,2023-10-07,0.6923076923076923,3.0384615384615383,5.076923076923077,26.0,7
2023,Ranger Suarez,ranger suarez,624133.0,143,Philadelphia Phillies,2023-10-24,0.5769230769230769,3.6153846153846154,4.115384615384615,26.0,7
2023,Eduardo Rodriguez,eduardo rodriguez,593958.0,116,Detroit Tigers,2023-10-01,0.5384615384615384,3.923076923076923,3.576923076923077,26.0,7
2023,Seth Lugo,seth lugo,607625.0,135,San Diego Padres,2023-09-26,0.46153846153846156,4.076923076923077,4.576923076923077,26.0,7
2023,Dane Dunning,dane dunning,641540.0,140,Texas Rangers,2023-10-01,0.5,4.5,4.461538461538462,26.0,7
2023,Graham Ashcraft,graham ashcraft,668933.0,113,Cincinnati Reds,2023-09-01,0.4230769230769231,4.730769230769231,4.538461538461538,26.0,7
2023,Tanner Bibee,tanner bibee,676440.0,114,Cleveland Guardians,2023-09-16,0.56,3.0,4.08,25.0,7
2023,Marcus Stroman,marcus stroman,573186.0,112,Chicago Cubs,2023-09-28,0.52,3.8,4.16,25.0,7
2023,Michael Lorenzen,michael lorenzen,547179.0,143,Philadelphia Phillies,2023-09-11,0.48,4.12,4.72,25.0,7
2023,Tylor Megill,tylor megill,656731.0,121,New York Mets,2023-09-30,0.44,4.48,4.2,25.0,7
2023,Bryce Miller,bryce miller,682243.0,136,Seattle Mariners,2023-09-27,0.52,4.8,4.08,25.0,7
2023,Luke Weaver,luke weaver,596133.0,147,New York Yankees,2023-09-28,0.56,5.04,5.24,25.0,7
2023,Tyler Anderson,tyler anderson,542881.0,108,Los Angeles Angels,2023-09-16,0.48,5.48,5.36,25.0,7
2023,Michael Wacha,michael wacha,608379.0,135,San Diego Padres,2023-09-30,0.6666666666666666,3.875,5.791666666666667,24.0,7
2023,Logan Allen,logan allen,671106.0,114,Cleveland Guardians,2023-09-19,0.5833333333333334,3.875,4.916666666666667,24.0,7
2023,Brandon Pfaadt,brandon pfaadt,694297.0,109,Arizona Diamondbacks,2023-10-30,0.5,4.0,3.2916666666666665,24.0,7
2023,Mike Clevinger,mike clevinger,605182.0,145,Chicago White Sox,2023-09-30,0.5,4.083333333333333,4.375,24.0,7
2023,Kyle Hendricks,kyle hendricks,543294.0,112,Chicago Cubs,2023-09-29,0.5,4.375,4.291666666666667,24.0,7
2023,Kutter Crawford,kutter crawford,676710.0,111,Boston Red Sox,2023-09-30,0.375,4.833333333333333,4.708333333333333,24.0,7
2023,Grayson Rodriguez,grayson rodriguez,680570.0,110,Baltimore Orioles,2023-10-08,0.5833333333333334,4.833333333333333,5.25,24.0,7
2023,Yu Darvish,yu darvish,506433.0,135,San Diego Padres,2023-08-25,0.375,4.875,4.041666666666667,24.0,7
2023,Brandon Williamson,brandon williamson,682227.0,113,Cincinnati Reds,2023-09-29,0.5416666666666666,5.125,4.916666666666667,24.0,7
2023,Jake Irvin,jake irvin,663623.0,120,Washington Nationals,2023-09-21,0.4583333333333333,5.5,4.375,24.0,7
2023,Wade Miley,wade miley,489119.0,158,Milwaukee Brewers,2023-09-27,0.6521739130434783,3.0434782608695654,4.130434782608695,23.0,7
2023,Bobby Miller,bobby miller,676272.0,119,Los Angeles Dodgers,2023-10-09,0.6521739130434783,3.8260869565217392,5.739130434782608,23.0,7
2023,Shohei Ohtani,shohei ohtani,660271.0,108,Los Angeles Angels,2023-08-23,0.6086956521739131,3.9130434782608696,4.260869565217392,23.0,7
2023,J.P. France,j.p. france,641585.0,117,Houston Astros,2023-09-23,0.5652173913043478,4.304347826086956,5.478260869565218,23.0,7
2023,Aaron Civale,aaron civale,650644.0,139,Tampa Bay Rays,2023-09-29,0.5652173913043478,4.391304347826087,4.6521739130434785,23.0,7
2023,Drew Smyly,drew smyly,592767.0,112,Chicago Cubs,2023-10-01,0.43478260869565216,4.826086956521739,5.3478260869565215,23.0,7
2023,Ken Waldichuk,ken waldichuk,686610.0,133,Oakland Athletics,2023-09-29,0.391304347826087,5.608695652173913,4.086956521739131,23.0,7
2023,Tyler Glasnow,tyler glasnow,607192.0,139,Tampa Bay Rays,2023-10-03,0.5454545454545454,3.409090909090909,4.181818181818182,22.0,7
2023,Hunter Greene,hunter greene,668881.0,113,Cincinnati Reds,2023-10-01,0.4090909090909091,4.318181818181818,4.7272727272727275,22.0,7
2023,Colin Rea,colin rea,607067.0,158,Milwaukee Brewers,2023-09-29,0.6363636363636364,4.363636363636363,4.863636363636363,22.0,7
2023,Griffin Canning,griffin canning,656288.0,108,Los Angeles Angels,2023-09-27,0.45454545454545453,4.590909090909091,5.0,22.0,7
2023,David Peterson,david peterson,656849.0,121,New York Mets,2023-09-28,0.36363636363636365,4.909090909090909,4.090909090909091,22.0,7
2023,Shane McClanahan,shane mcclanahan,663556.0,139,Tampa Bay Rays,2023-08-02,0.7142857142857143,3.0,5.809523809523809,21.0,7
2023,Adrian Houser,adrian houser,605288.0,158,Milwaukee Brewers,2023-10-01,0.6666666666666666,3.380952380952381,4.809523809523809,21.0,7
2023,Andrew Abbott,andrew abbott,671096.0,113,Cincinnati Reds,2023-09-27,0.6666666666666666,3.4761904761904763,4.190476190476191,21.0,7
2023,Shane Bieber,shane bieber,669456.0,114,Cleveland Guardians,2023-09-27,0.42857142857142855,4.333333333333333,3.761904761904762,21.0,7
2023,Julio Urías,julio urías,628711.0,119,Los Angeles Dodgers,2023-09-01,0.6190476190476191,4.523809523809524,5.523809523809524,21.0,7
2023,Tanner Houck,tanner houck,656557.0,111,Boston Red Sox,2023-10-01,0.42857142857142855,5.333333333333333,5.285714285714286,21.0,7
2023,Taj Bradley,taj bradley,671737.0,139,Tampa Bay Rays,2023-09-24,0.47619047619047616,5.619047619047619,4.809523809523809,21.0,7
2023,Adam Wainwright,adam wainwright,425794.0,138,St. Louis Cardinals,2023-09-18,0.3333333333333333,6.523809523809524,4.333333333333333,21.0,7
2023,Tyler Wells,tyler wells,669330.0,110,Baltimore Orioles,2023-07-29,0.55,4.2,4.2,20.0,7
2023,Kenta Maeda,kenta maeda,628317.0,142,Minnesota Twins,2023-09-19,0.5,4.25,5.45,20.0,7
2023,Edward Cabrera,edward cabrera,665795.0,146,Miami Marlins,2023-09-29,0.5,4.3,3.45,20.0,7
2023,Paul Blackburn,paul blackburn,621112.0,133,Oakland Athletics,2023-09-26,0.5,4.4,4.05,20.0,7
2023,Martín Pérez,martín pérez,527048.0,140,Texas Rangers,2023-07-29,0.65,4.75,6.7,20.0,7
2023,Chris Sale,chris sale,519242.0,111,Boston Red Sox,2023-09-28,0.6,4.85,5.7,20.0,7
2023,Tony Gonsolin,tony gonsolin,664062.0,119,Los Angeles Dodgers,2023-08-18,0.55,4.9,5.9,20.0,7
2023,Carlos Carrasco,carlos carrasco,471911.0,121,New York Mets,2023-08-26,0.35,5.55,4.75,20.0,7
2023,Eury Pérez,eury pérez,691587.0,146,Miami Marlins,2023-09-20,0.42105263157894735,3.5789473684210527,3.3157894736842106,19.0,7
2023,Cristopher Sánchez,cristopher sánchez,650911.0,143,Philadelphia Phillies,2023-10-20,0.42105263157894735,4.2631578947368425,4.7368421052631575,19.0,7
2023,Cal Quantrill,cal quantrill,615698.0,114,Cleveland Guardians,2023-09-29,0.47368421052631576,4.631578947368421,3.3684210526315788,19.0,7
2023,Domingo Germán,domingo germán,593334.0,147,New York Yankees,2023-07-25,0.47368421052631576,4.7894736842105265,4.421052631578948,19.0,7
2023,Alek Manoah,alek manoah,666201.0,141,Toronto Blue Jays,2023-08-10,0.42105263157894735,5.105263157894737,4.526315789473684,19.0,7
2023,James Paxton,james paxton,572020.0,111,Boston Red Sox,2023-09-01,0.42105263157894735,5.2105263157894735,4.7368421052631575,19.0,7
2023,Joey Wentz,joey wentz,666214.0,116,Detroit Tigers,2023-09-29,0.2631578947368421,6.105263157894737,3.4210526315789473,19.0,7
2023,Reese Olson,reese olson,681857.0,116,Detroit Tigers,2023-09-26,0.5555555555555556,4.166666666666667,4.5,18.0,7
2023,Bryan Woo,bryan woo,693433.0,136,Seattle Mariners,2023-09-29,0.5555555555555556,4.222222222222222,5.333333333333333,18.0,7
2023,Anthony DeSclafani,anthony desclafani,543101.0,137,San Francisco Giants,2023-07-18,0.5,4.722222222222222,4.611111111111111,18.0,7
2023,Luis Severino,luis severino,622663.0,147,New York Yankees,2023-09-08,0.4444444444444444,5.333333333333333,3.7222222222222223,18.0,7
2023,Zach Davies,zach davies,605200.0,109,Arizona Diamondbacks,2023-09-26,0.5555555555555556,6.0,6.166666666666667,18.0,7
2023,Noah Syndergaard,noah syndergaard,592789.0,114,Cleveland Guardians,2023-08-27,0.3888888888888889,6.333333333333333,5.222222222222222,18.0,7
2023,Joe Musgrove,joe musgrove,605397.0,135,San Diego Padres,2023-07-28,0.6470588235294118,3.5294117647058822,6.0,17.0,7
2023,Steven Matz,steven matz,571927.0,138,St. Louis Cardinals,2023-08-12,0.47058823529411764,4.588235294117647,4.0,17.0,7
2023,Luis Medina,luis medina,665622.0,133,Oakland Athletics,2023-09-28,0.23529411764705882,5.529411764705882,2.8823529411764706,17.0,7
2023,Chase Anderson,chase anderson,502624.0,115,Colorado Rockies,2023-09-26,0.47058823529411764,6.9411764705882355,4.411764705882353,17.0,7
2023,Tarik Skubal,tarik skubal,669373.0,116,Detroit Tigers,2023-09-27,0.5625,3.25,5.0,16.0,7
2023,Nick Pivetta,nick pivetta,601713.0,111,Boston Red Sox,2023-09-29,0.4375,3.6875,3.5,16.0,7
2023,Gavin Williams,gavin williams,668909.0,114,Cleveland Guardians,2023-09-17,0.5,3.8125,4.0625,16.0,7
2023,Tommy Henry,tommy henry,674072.0,109,Arizona Diamondbacks,2023-07-28,0.625,4.8125,6.0,16.0,7
2023,Touki Toussaint,touki toussaint,657053.0,145,Chicago White Sox,2023-09-28,0.4375,5.0,3.75,16.0,7
2023,Chris Flexen,chris flexen,623167.0,115,Colorado Rockies,2023-09-28,0.25,7.75,6.125,16.0,7
2023,Max Fried,max fried,608331.0,144,Atlanta Braves,2023-10-09,0.8,3.466666666666667,6.0,15.0,7
2023,Matthew Boyd,matthew boyd,571510.0,116,Detroit Tigers,2023-06-26,0.6,4.666666666666667,4.466666666666667,15.0,7
2023,Luis Ortiz,luis ortiz,682847.0,134,Pittsburgh Pirates,2023-09-28,0.4666666666666667,5.066666666666666,3.466666666666667,15.0,7
2023,Matt Manning,matt manning,666159.0,116,Detroit Tigers,2023-09-06,0.5333333333333333,5.533333333333333,4.4,15.0,7
2023,Zack Littell,zack littell,641793.0,139,Tampa Bay Rays,2023-09-23,0.42857142857142855,4.142857142857143,4.785714285714286,14.0,7
2023,Carlos Rodón,carlos rodón,607074.0,147,New York Yankees,2023-09-29,0.21428571428571427,5.428571428571429,3.0714285714285716,14.0,7
2023,Bailey Falter,bailey falter,663559.0,134,Pittsburgh Pirates,2023-09-23,0.35714285714285715,5.571428571428571,3.7142857142857144,14.0,7
2023,Jhony Brito,jhony brito,666745.0,147,New York Yankees,2023-08-18,0.46153846153846156,3.923076923076923,3.6153846153846154,13.0,7
2023,Brandon Bielak,brandon bielak,656232.0,117,Houston Astros,2023-07-30,0.46153846153846156,4.076923076923077,3.6153846153846154,13.0,7
2023,Jose Quintana,jose quintana,500779.0,121,New York Mets,2023-09-30,0.3076923076923077,4.538461538461538,4.0,13.0,7
2023,Ryan Walker,ryan walker,676254.0,137,San Francisco Giants,2023-09-24,0.5384615384615384,4.6923076923076925,4.153846153846154,13.0,7
2023,Michael Grove,michael grove,675627.0,119,Los Angeles Dodgers,2023-08-05,0.46153846153846156,5.384615384615385,5.230769230769231,13.0,7
2023,Ty Blach,ty blach,621389.0,115,Colorado Rockies,2023-09-29,0.3076923076923077,5.769230769230769,4.6923076923076925,13.0,7
2023,Connor Seabold,connor seabold,657756.0,115,Colorado Rockies,2023-07-15,0.3076923076923077,6.615384615384615,4.769230769230769,13.0,7
2023,Kyle Muller,kyle muller,666205.0,133,Oakland Athletics,2023-09-03,0.38461538461538464,7.230769230769231,4.769230769230769,13.0,7
2023,José Urquidy,josé urquidy,664353.0,117,Houston Astros,2023-10-19,0.5833333333333334,3.6666666666666665,4.5,12.0,7
2023,Cole Irvin,cole irvin,608344.0,110,Baltimore Orioles,2023-09-01,0.6666666666666666,3.8333333333333335,4.416666666666667,12.0,7
2023,Cole Ragans,cole ragans,666142.0,118,Kansas City Royals,2023-09-28,0.5,4.166666666666667,4.75,12.0,7
2023,Alex Wood,alex wood,622072.0,137,San Francisco Giants,2023-09-06,0.5833333333333334,4.583333333333333,6.916666666666667,12.0,7
2023,Ryan Weathers,ryan weathers,677960.0,146,Miami Marlins,2023-10-01,0.3333333333333333,4.666666666666667,3.0833333333333335,12.0,7
2023,Nestor Cortes,nestor cortes,641482.0,147,New York Yankees,2023-08-05,0.6666666666666666,4.666666666666667,5.666666666666667,12.0,7
2023,Dakota Hudson,dakota hudson,641712.0,138,St. Louis Cardinals,2023-09-28,0.5833333333333334,5.083333333333333,4.916666666666667,12.0,7
2023,Alex Faedo,alex faedo,656412.0,116,Detroit Tigers,2023-09-05,0.25,7.166666666666667,4.083333333333333,12.0,7
2023,Brandon Woodruff,brandon woodruff,605540.0,158,Milwaukee Brewers,2023-09-23,0.6363636363636364,2.8181818181818183,4.818181818181818,11.0,7
2023,Emmet Sheehan,emmet sheehan,686218.0,119,Los Angeles Dodgers,2023-09-27,0.6363636363636364,4.363636363636363,6.090909090909091,11.0,7
2023,Julio Teheran,julio teheran,527054.0,158,Milwaukee Brewers,2023-07-29,0.2727272727272727,4.7272727272727275,2.8181818181818183,11.0,7
2023,Peter Lambert,peter lambert,663567.0,115,Colorado Rockies,2023-09-10,0.18181818181818182,4.818181818181818,3.8181818181818183,11.0,7
2023,Roansy Contreras,roansy contreras,672710.0,134,Pittsburgh Pirates,2023-06-07,0.45454545454545453,4.909090909090909,3.727272727272727,11.0,7
2023,Ross Stripling,ross stripling,548389.0,137,San Francisco Giants,2023-08-05,0.2727272727272727,5.0,3.090909090909091,11.0,7
2023,Jared Shuster,jared shuster,694363.0,144,Atlanta Braves,2023-09-16,0.45454545454545453,5.090909090909091,4.636363636363637,11.0,7
2023,Matthew Liberatore,matthew liberatore,669461.0,138,St. Louis Cardinals,2023-08-16,0.36363636363636365,5.181818181818182,4.2727272727272725,11.0,7
2023,Hyun Jin Ryu,hyun jin ryu,547943.0,141,Toronto Blue Jays,2023-09-30,0.5454545454545454,5.454545454545454,6.090909090909091,11.0,7
2023,James Kaprielian,james kaprielian,621076.0,133,Oakland Athletics,2023-06-23,0.2727272727272727,6.181818181818182,3.909090909090909,11.0,7
2023,Hayden Wesneski,hayden wesneski,669713.0,112,Chicago Cubs,2023-07-28,0.45454545454545453,6.181818181818182,5.545454545454546,11.0,7
2023,Ben Lively,ben lively,594902.0,113,Cincinnati Reds,2023-08-01,0.45454545454545453,6.545454545454546,5.636363636363637,11.0,7
2023,Jesse Scholtens,jesse scholtens,669947.0,145,Chicago White Sox,2023-09-15,0.09090909090909091,6.636363636363637,2.909090909090909,11.0,7
2023,Javier Assad,javier assad,665871.0,112,Chicago Cubs,2023-09-19,0.6,3.9,5.8,10.0,7
2023,John Brebbia,john brebbia,605154.0,137,San Francisco Giants,2023-09-26,0.5,4.1,4.5,10.0,7
2023,Garrett Whitlock,garrett whitlock,676477.0,111,Boston Red Sox,2023-07-02,0.6,4.3,3.7,10.0,7
2023,Louis Varland,louis varland,686973.0,142,Minnesota Twins,2023-06-18,0.4,4.5,5.0,10.0,7
2023,Marco Gonzales,marco gonzales,594835.0,136,Seattle Mariners,2023-05-28,0.7,4.8,5.4,10.0,7
2023,Joan Adon,joan adon,672851.0,120,Washington Nationals,2023-09-30,0.5,4.8,4.4,10.0,7
2023,Matt Strahm,matt strahm,621381.0,143,Philadelphia Phillies,2023-10-01,0.5,5.1,4.5,10.0,7
2023,Xzavion Curry,xzavion curry,675540.0,114,Cleveland Guardians,2023-09-03,0.2,5.4,4.1,10.0,7
2023,Johnny Cueto,johnny cueto,456501.0,146,Miami Marlins,2023-09-27,0.4,5.5,4.4,10.0,7
2023,Ryan Feltner,ryan feltner,663372.0,115,Colorado Rockies,2023-09-26,0.5,5.7,4.5,10.0,7
2023,Sean Manaea,sean manaea,640455.0,137,San Francisco Giants,2023-09-27,0.3,7.2,5.6,10.0,7
2023,José Ureña,josé ureña,570632.0,145,Chicago White Sox,2023-10-01,0.0,7.3,3.0,10.0,7
2023,Nick Martinez,nick martinez,607259.0,135,San Diego Padres,2023-09-29,0.5555555555555556,2.5555555555555554,4.0,9.0,7
2023,Dustin May,dustin may,669160.0,119,Los Angeles Dodgers,2023-05-17,0.6666666666666666,3.3333333333333335,4.555555555555555,9.0,7
2023,Michael King,michael king,650633.0,147,New York Yankees,2023-10-01,0.3333333333333333,4.111111111111111,2.5555555555555554,9.0,7
2023,Daniel Lynch IV,daniel lynch iv,663738.0,118,Kansas City Royals,2023-07-18,0.4444444444444444,4.222222222222222,3.5555555555555554,9.0,7
2023,Ryan Yarbrough,ryan yarbrough,642232.0,119,Los Angeles Dodgers,2023-09-28,0.5555555555555556,4.333333333333333,4.111111111111111,9.0,7
2023,Zack Thompson,zack thompson,668868.0,138,St. Louis Cardinals,2023-09-27,0.4444444444444444,4.444444444444445,3.4444444444444446,9.0,7
2023,Brad Keller,brad keller,641745.0,118,Kansas City Royals,2023-05-15,0.4444444444444444,5.0,4.777777777777778,9.0,7
2023,Yonny Chirinos,yonny chirinos,630023.0,144,Atlanta Braves,2023-08-19,0.6666666666666666,5.555555555555555,6.555555555555555,9.0,7
2023,Eric Lauer,eric lauer,641778.0,158,Milwaukee Brewers,2023-09-30,0.3333333333333333,5.666666666666667,4.555555555555555,9.0,7
2023,Osvaldo Bido,osvaldo bido,674370.0,134,Pittsburgh Pirates,2023-09-29,0.2222222222222222,6.555555555555555,4.222222222222222,9.0,7
2023,Corey Kluber,corey kluber,446372.0,111,Boston Red Sox,2023-05-21,0.3333333333333333,7.111111111111111,4.333333333333333,9.0,7
2023,Chase Silseth,chase silseth,681217.0,108,Los Angeles Angels,2023-09-29,0.75,3.125,4.375,8.0,7
2023,Vince Velasquez,vince velasquez,592826.0,134,Pittsburgh Pirates,2023-05-27,0.5,3.25,4.5,8.0,7
2023,Drew Rasmussen,drew rasmussen,656876.0,139,Tampa Bay Rays,2023-05-11,0.5,3.75,5.875,8.0,7
2023,Jalen Beeks,jalen beeks,656222.0,139,Tampa Bay Rays,2023-08-09,0.375,4.0,3.625,8.0,7
2023,Scott Alexander,scott alexander,518397.0,137,San Francisco Giants,2023-09-16,0.375,4.125,2.875,8.0,7
2023,Joey Lucchesi,joey lucchesi,664192.0,121,New York Mets,2023-09-27,0.625,4.375,6.875,8.0,7
2023,Quinn Priester,quinn priester,682990.0,134,Pittsburgh Pirates,2023-09-30,0.375,6.125,4.375,8.0,7
2023,Drew Rom,drew rom,680723.0,138,St. Louis Cardinals,2023-09-30,0.375,6.25,4.625,8.0,7
2023,Jake Woodford,jake woodford,663765.0,138,St. Louis Cardinals,2023-09-29,0.375,6.375,4.5,8.0,7
2023,Alec Marsh,alec marsh,679525.0,118,Kansas City Royals,2023-09-02,0.0,6.75,3.0,8.0,7
2023,Cody Bradford,cody bradford,674003.0,140,Texas Rangers,2023-09-26,0.125,6.875,3.125,8.0,7
2023,Caleb Ferguson,caleb ferguson,657571.0,119,Los Angeles Dodgers,2023-09-26,0.5714285714285714,3.7142857142857144,3.857142857142857,7.0,7
2023,Hunter Gaddis,hunter gaddis,683769.0,114,Cleveland Guardians,2023-09-21,0.7142857142857143,4.0,4.571428571428571,7.0,7
2023,Jordan Wicks,jordan wicks,696136.0,112,Chicago Cubs,2023-09-30,0.8571428571428571,4.142857142857143,6.428571428571429,7.0,7
2023,José Buttó,josé buttó,676130.0,121,New York Mets,2023-10-01,0.42857142857142855,4.285714285714286,2.5714285714285716,7.0,7
2023,Andre Jackson,andre jackson,656578.0,134,Pittsburgh Pirates,2023-10-01,0.42857142857142855,4.285714285714286,3.5714285714285716,7.0,7
2023,Nick Lodolo,nick lodolo,666157.0,113,Cincinnati Reds,2023-05-06,0.5714285714285714,4.428571428571429,4.285714285714286,7.0,7
2023,Ronel Blanco,ronel blanco,669854.0,117,Houston Astros,2023-08-02,0.42857142857142855,4.571428571428571,4.285714285714286,7.0,7
2023,Spencer Turnbull,spencer turnbull,605513.0,116,Detroit Tigers,2023-05-06,0.42857142857142855,5.0,3.2857142857142856,7.0,7
2023,Kyle Harrison,kyle harrison,690986.0,137,San Francisco Giants,2023-10-01,0.42857142857142855,5.142857142857143,3.857142857142857,7.0,7
2023,Kyle Wright,kyle wright,657140.0,144,Atlanta Braves,2023-09-18,0.42857142857142855,5.857142857142857,5.571428571428571,7.0,7
2023,Dylan Dodd,dylan dodd,689266.0,144,Atlanta Braves,2023-10-01,0.5714285714285714,6.0,5.571428571428571,7.0,7
2023,Bryan Hoeing,bryan hoeing,663773.0,146,Miami Marlins,2023-09-16,0.7142857142857143,6.142857142857143,6.857142857142857,7.0,7
2023,Hogan Harris,hogan harris,663687.0,133,Oakland Athletics,2023-08-02,0.14285714285714285,6.857142857142857,2.857142857142857,7.0,7
2023,José Suarez,josé suarez,660761.0,108,Los Angeles Angels,2023-09-22,0.2857142857142857,7.714285714285714,5.428571428571429,7.0,7
2023,Shintaro Fujinami,shintaro fujinami,660261.0,133,Oakland Athletics,2023-06-24,0.14285714285714285,8.142857142857142,1.5714285714285714,7.0,7
2023,Jacob deGrom,jacob degrom,594798.0,140,Texas Rangers,2023-04-28,1.0,3.0,6.333333333333333,6.0,7
2023,Shawn Armstrong,shawn armstrong,542888.0,139,Tampa Bay Rays,2023-09-30,0.8333333333333334,3.1666666666666665,4.166666666666667,6.0,7
2023,Peyton Battenfield,peyton battenfield,685410.0,114,Cleveland Guardians,2023-05-17,0.0,4.0,1.0,6.0,7
2023,Luis Garcia,luis garcia,677651.0,117,Houston Astros,2023-05-01,0.5,4.166666666666667,5.166666666666667,6.0,7
2023,Matt Waldron,matt waldron,663362.0,135,San Diego Padres,2023-09-27,0.5,4.333333333333333,3.3333333333333335,6.0,7
2023,Pedro Avila,pedro avila,658648.0,135,San Diego Padres,2023-10-01,0.6666666666666666,4.333333333333333,5.833333333333333,6.0,7
2023,Brennan Bernardino,brennan bernardino,657514.0,111,Boston Red Sox,2023-08-06,0.5,4.5,4.333333333333333,6.0,7
2023,Mason Miller,mason miller,695243.0,133,Oakland Athletics,2023-09-16,0.16666666666666666,4.833333333333333,2.1666666666666665,6.0,7
2023,Dallas Keuchel,dallas keuchel,572971.0,142,Minnesota Twins,2023-09-13,0.6666666666666666,5.0,4.5,6.0,7
2023,Michael Soroka,michael soroka,647336.0,144,Atlanta Braves,2023-09-05,0.6666666666666666,5.166666666666667,7.666666666666667,6.0,7
2023,Jaime Barria,jaime barria,642545.0,108,Los Angeles Angels,2023-07-03,0.6666666666666666,5.333333333333333,5.833333333333333,6.0,7
2023,Allan Winans,allan winans,642216.0,144,Atlanta Braves,2023-09-29,0.3333333333333333,5.333333333333333,6.833333333333333,6.0,7
2023,Noah Davis,noah davis,663562.0,115,Colorado Rockies,2023-09-27,0.0,6.333333333333333,2.5,6.0,7
2023,Luis Cessa,luis cessa,570666.0,113,Cincinnati Reds,2023-05-03,0.16666666666666666,8.166666666666666,4.5,6.0,7
2023,Randy Vásquez,randy vásquez,681190.0,147,New York Yankees,2023-09-12,0.4,3.0,2.0,5.0,7
2023,Tyler Mahle,tyler mahle,641816.0,142,Minnesota Twins,2023-04-27,0.4,3.2,4.4,5.0,7
2023,AJ Smith-Shawver,aj smith-shawver,700363.0,144,Atlanta Braves,2023-09-28,0.8,5.0,6.8,5.0,7
2023,Colin Selby,colin selby,681882.0,134,Pittsburgh Pirates,2023-09-17,0.8,5.0,5.4,5.0,7
2023,Keaton Winn,keaton winn,676775.0,137,San Francisco Giants,2023-09-29,0.2,5.2,2.8,5.0,7
2023,JT Chargois,jt chargois,608638.0,146,Miami Marlins,2023-09-30,0.6,5.4,4.4,5.0,7
2023,Austin Pruitt,austin pruitt,643493.0,133,Oakland Athletics,2023-08-09,0.4,5.8,5.4,5.0,7
2023,Zach Plesac,zach plesac,668676.0,114,Cleveland Guardians,2023-04-29,0.6,6.4,6.8,5.0,7
2023,Connor Phillips,connor phillips,683175.0,113,Cincinnati Reds,2023-09-30,0.6,8.0,7.2,5.0,7
2023,Chad Kuhl,chad kuhl,641771.0,120,Washington Nationals,2023-04-29,0.2,8.6,5.4,5.0,7
2023,Jakob Junis,jakob junis,596001.0,137,San Francisco Giants,2023-08-31,0.75,2.25,5.25,4.0,7
2023,Will Vest,will vest,676684.0,116,Detroit Tigers,2023-09-30,0.75,3.0,6.5,4.0,7
2023,Germán Márquez,germán márquez,608566.0,115,Colorado Rockies,2023-04-26,0.5,3.75,4.25,4.0,7
2023,Trevor Rogers,trevor rogers,669432.0,146,Miami Marlins,2023-04-19,0.25,4.0,2.5,4.0,7
2023,Calvin Faucher,calvin faucher,676534.0,139,Tampa Bay Rays,2023-04-29,0.5,4.0,5.5,4.0,7
2023,John Means,john means,607644.0,110,Baltimore Orioles,2023-09-29,0.5,4.0,3.0,4.0,7
2023,Sawyer Gipson-Long,sawyer gipson-long,687830.0,116,Detroit Tigers,2023-09-28,0.75,4.25,4.25,4.0,7
2023,Steven Cruz,steven cruz,674444.0,118,Kansas City Royals,2023-09-30,0.75,4.25,5.5,4.0,7
2023,Lyon Richardson,lyon richardson,680689.0,113,Cincinnati Reds,2023-09-06,0.5,4.75,4.25,4.0,7
2023,Triston McKenzie,triston mckenzie,663474.0,114,Cleveland Guardians,2023-09-30,0.25,5.0,1.75,4.0,7
2023,Slade Cecconi,slade cecconi,677944.0,109,Arizona Diamondbacks,2023-09-02,0.5,5.0,4.75,4.0,7
2023,Jackson Rutledge,jackson rutledge,671131.0,120,Washington Nationals,2023-10-01,0.75,5.25,5.75,4.0,7
2023,Joe Mantiply,joe mantiply,573009.0,109,Arizona Diamondbacks,2023-10-31,0.75,6.0,6.25,4.0,7
2023,Carlos Hernández,carlos hernández,672578.0,118,Kansas City Royals,2023-06-11,0.25,7.0,3.75,4.0,7
2023,Dinelson Lamet,dinelson lamet,659275.0,115,Colorado Rockies,2023-06-16,0.25,7.0,2.5,4.0,7
2023,Drew Rucinski,drew rucinski,607968.0,133,Oakland Athletics,2023-05-15,0.0,7.75,4.25,4.0,7
2023,Madison Bumgarner,madison bumgarner,518516.0,109,Arizona Diamondbacks,2023-04-19,0.25,8.0,3.25,4.0,7
2023,Gavin Stone,gavin stone,694813.0,119,Los Angeles Dodgers,2023-09-11,0.5,8.5,9.0,4.0,7
2023,Jeffrey Springs,jeffrey springs,605488.0,139,Tampa Bay Rays,2023-04-13,1.0,1.3333333333333333,8.333333333333334,3.0,7
2023,Ryan Pepiot,ryan pepiot,686752.0,119,Los Angeles Dodgers,2023-09-13,0.6666666666666666,2.0,6.0,3.0,7
2023,Kenny Rosenberg,kenny rosenberg,670046.0,108,Los Angeles Angels,2023-09-23,0.6666666666666666,2.3333333333333335,2.0,3.0,7
2023,Miguel Díaz,miguel díaz,622766.0,116,Detroit Tigers,2023-09-23,0.3333333333333333,3.3333333333333335,2.6666666666666665,3.0,7
2023,Derek Law,derek law,571882.0,113,Cincinnati Reds,2023-09-14,0.6666666666666666,4.333333333333333,4.333333333333333,3.0,7
2023,Tanner Banks,tanner banks,621383.0,145,Chicago White Sox,2023-06-30,0.3333333333333333,4.333333333333333,3.3333333333333335,3.0,7
2023,Tristan Beck,tristan beck,663941.0,137,San Francisco Giants,2023-09-30,0.6666666666666666,4.333333333333333,4.333333333333333,3.0,7
2023,Trevor Richards,trevor richards,670950.0,141,Toronto Blue Jays,2023-06-28,0.3333333333333333,4.666666666666667,4.0,3.0,7
2023,Jake Bird,jake bird,656234.0,115,Colorado Rockies,2023-07-24,0.6666666666666666,4.666666666666667,5.666666666666667,3.0,7
2023,Kolby Allard,kolby allard,663465.0,144,Atlanta Braves,2023-07-16,0.3333333333333333,4.666666666666667,3.0,3.0,7
2023,Joe Boyle,joe boyle,671212.0,133,Oakland Athletics,2023-09-30,0.6666666666666666,4.666666666666667,4.0,3.0,7
2023,Ian Hamilton,ian hamilton,641656.0,147,New York Yankees,2023-08-11,0.6666666666666666,5.0,5.666666666666667,3.0,7
2023,Emerson Hancock,emerson hancock,676106.0,136,Seattle Mariners,2023-08-20,1.0,5.0,7.666666666666667,3.0,7
2023,Angel Zerpa,angel zerpa,672582.0,118,Kansas City Royals,2023-08-30,0.0,5.0,3.0,3.0,7
2023,Kris Bubic,kris bubic,663460.0,118,Kansas City Royals,2023-04-15,0.0,5.333333333333333,1.6666666666666667,3.0,7
2023,Drey Jameson,drey jameson,686753.0,109,Arizona Diamondbacks,2023-04-23,0.6666666666666666,5.666666666666667,6.666666666666667,3.0,7
2023,Connor Overton,connor overton,656818.0,113,Cincinnati Reds,2023-04-14,0.6666666666666666,6.0,5.333333333333333,3.0,7
2023,Trevor Kelley,trevor kelley,665001.0,139,Tampa Bay Rays,2023-06-03,0.3333333333333333,6.0,5.333333333333333,3.0,7
2023,Andrew Wantz,andrew wantz,681806.0,108,Los Angeles Angels,2023-09-30,0.0,6.333333333333333,2.6666666666666665,3.0,7
2023,Josh Fleming,josh fleming,676596.0,139,Tampa Bay Rays,2023-05-28,0.6666666666666666,8.0,9.333333333333334,3.0,7
2023,Karl Kauffmann,karl kauffmann,666154.0,115,Colorado Rockies,2023-05-29,0.0,8.0,3.0,3.0,7
2023,Austin Cox,austin cox,680735.0,118,Kansas City Royals,2023-08-10,0.0,8.0,1.6666666666666667,3.0,7
2023,Denyi Reyes,denyi reyes,660593.0,121,New York Mets,2023-08-30,0.3333333333333333,11.666666666666666,5.666666666666667,3.0,7
2023,Ryan Borucki,ryan borucki,621366.0,134,Pittsburgh Pirates,2023-08-20,0.5,1.0,1.5,2.0,7
2023,Antonio Senzatela,antonio senzatela,622608.0,115,Colorado Rockies,2023-05-10,0.5,2.0,2.0,2.0,7
2023,Brett Kennedy,brett kennedy,664028.0,113,Cincinnati Reds,2023-08-18,1.0,2.0,4.5,2.0,7
2023,Tommy Milone,tommy milone,543548.0,136,Seattle Mariners,2023-07-05,0.5,2.5,2.5,2.0,7
2023,Tayler Scott,tayler scott,605463.0,133,Oakland Athletics,2023-07-25,0.5,2.5,2.5,2.0,7
2023,Trevor Megill,trevor megill,656730.0,158,Milwaukee Brewers,2023-09-19,0.5,2.5,3.5,2.0,7
2023,Stephen Nogosek,stephen nogosek,668665.0,121,New York Mets,2023-05-13,0.0,3.0,2.0,2.0,7
2023,John Schreiber,john schreiber,670167.0,111,Boston Red Sox,2023-08-05,0.5,3.0,5.5,2.0,7
2023,Thomas Hatch,thomas hatch,641672.0,134,Pittsburgh Pirates,2023-09-02,1.0,3.5,9.0,2.0,7
2023,Brent Suter,brent suter,608718.0,115,Colorado Rockies,2023-10-01,1.0,3.5,6.0,2.0,7
2023,Javy Guerra,javy guerra,642770.0,139,Tampa Bay Rays,2023-05-07,1.0,4.0,6.0,2.0,7
2023,Kaleb Ort,kaleb ort,672391.0,111,Boston Red Sox,2023-06-28,0.5,4.0,4.0,2.0,7
2023,Jose Cuas,jose cuas,621016.0,112,Chicago Cubs,2023-09-01,0.5,4.0,4.0,2.0,7
2023,Brendan White,brendan white,686839.0,116,Detroit Tigers,2023-08-30,0.5,4.0,3.0,2.0,7
2023,Darius Vines,darius vines,670241.0,144,Atlanta Braves,2023-09-27,1.0,4.0,6.5,2.0,7
2023,Taylor Clarke,taylor clarke,664199.0,118,Kansas City Royals,2023-09-03,0.0,4.5,1.5,2.0,7
2023,Steven Okert,steven okert,595345.0,146,Miami Marlins,2023-09-10,0.5,4.5,4.5,2.0,7
2023,Zach Neal,zach neal,594943.0,133,Oakland Athletics,2023-08-30,0.5,4.5,8.0,2.0,7
2023,Mike Mayers,mike mayers,594577.0,118,Kansas City Royals,2023-06-17,1.0,5.0,7.0,2.0,7
2023,Kyle Nelson,kyle nelson,669459.0,109,Arizona Diamondbacks,2023-10-01,0.5,5.0,2.0,2.0,7
2023,James McArthur,james mcarthur,663704.0,118,Kansas City Royals,2023-09-09,0.0,5.5,3.0,2.0,7
2023,Sean Newcomb,sean newcomb,656794.0,133,Oakland Athletics,2023-09-15,0.0,5.5,2.5,2.0,7
2023,Erasmo Ramírez,erasmo ramírez,541640.0,139,Tampa Bay Rays,2023-08-18,1.0,6.0,9.5,2.0,7
2023,Joey Estes,joey estes,683155.0,133,Oakland Athletics,2023-09-27,0.0,6.0,3.5,2.0,7
2023,Fernando Cruz,fernando cruz,518585.0,113,Cincinnati Reds,2023-09-19,0.5,7.0,4.0,2.0,7
2023,Levi Stoudt,levi stoudt,686651.0,113,Cincinnati Reds,2023-06-25,0.0,7.5,3.0,2.0,7
2023,Jonathan Bowlan,jonathan bowlan,680742.0,118,Kansas City Royals,2023-09-27,0.0,8.0,0.0,2.0,7
2023,Carson Spiers,carson spiers,686730.0,113,Cincinnati Reds,2023-09-09,0.0,9.5,5.0,2.0,7
2023,Josh Staumont,josh staumont,622251.0,118,Kansas City Royals,2023-05-29,1.0,0.0,7.0,1.0,7
2023,José De León,josé de león,592254.0,142,Minnesota Twins,2023-06-17,1.0,0.0,2.0,1.0,7
2023,Brusdar Graterol,brusdar graterol,660813.0,119,Los Angeles Dodgers,2023-06-21,1.0,0.0,2.0,1.0,7
2023,Beau Brieske,beau brieske,689225.0,116,Detroit Tigers,2023-07-29,1.0,0.0,5.0,1.0,7
2023,Devin Smeltzer,devin smeltzer,656970.0,146,Miami Marlins,2023-04-22,1.0,1.0,6.0,1.0,7
2023,Easton McGee,easton mcgee,668834.0,136,Seattle Mariners,2023-04-29,0.0,1.0,0.0,1.0,7
2023,Tyler Alexander,tyler alexander,641302.0,116,Detroit Tigers,2023-06-06,0.0,1.0,0.0,1.0,7
2023,nan,nan,,113,Cincinnati Reds,2023-07-09,0.0,1.0,0.0,1.0,7
2023,Scott McGough,scott mcgough,543518.0,109,Arizona Diamondbacks,2023-08-19,1.0,1.0,8.0,1.0,7
2023,Shelby Miller,shelby miller,571946.0,119,Los Angeles Dodgers,2023-09-17,1.0,1.0,6.0,1.0,7
2023,Sam Moll,sam moll,594580.0,133,Oakland Athletics,2023-06-09,1.0,2.0,5.0,1.0,7
2023,Carmen Mlodzinski,carmen mlodzinski,669387.0,134,Pittsburgh Pirates,2023-07-09,1.0,2.0,4.0,1.0,7
2023,Jhonathan Díaz,jhonathan díaz,646242.0,108,Los Angeles Angels,2023-09-07,1.0,2.0,3.0,1.0,7
2023,Jimmy Lambert,jimmy lambert,669424.0,145,Chicago White Sox,2023-05-22,0.0,3.0,0.0,1.0,7
2023,Tyler Holton,tyler holton,663947.0,116,Detroit Tigers,2023-06-08,0.0,3.0,2.0,1.0,7
2023,Shawn Dubin,shawn dubin,681869.0,117,Houston Astros,2023-07-02,1.0,3.0,5.0,1.0,7
2023,Joe Jacques,joe jacques,682175.0,111,Boston Red Sox,2023-07-18,0.0,3.0,0.0,1.0,7
2023,Jackson Wolf,jackson wolf,680232.0,135,San Diego Padres,2023-07-22,1.0,3.0,14.0,1.0,7
2023,Tejay Antone,tejay antone,622088.0,113,Cincinnati Reds,2023-09-04,1.0,3.0,6.0,1.0,7
2023,Luis Patiño,luis patiño,672715.0,145,Chicago White Sox,2023-09-27,0.0,3.0,0.0,1.0,7
2023,Bryce Jarvis,bryce jarvis,686826.0,109,Arizona Diamondbacks,2023-09-28,0.0,3.0,1.0,1.0,7
2023,Carson Fulmer,carson fulmer,608334.0,108,Los Angeles Angels,2023-10-01,1.0,3.0,7.0,1.0,7
2023,Matt Barnes,matt barnes,598264.0,146,Miami Marlins,2023-05-06,0.0,4.0,2.0,1.0,7
2023,Jimmy Cordero,jimmy cordero,622772.0,147,New York Yankees,2023-05-15,1.0,4.0,7.0,1.0,7
2023,Adrian Morejon,adrian morejon,670970.0,135,San Diego Padres,2023-07-02,0.0,4.0,3.0,1.0,7
2023,Yerry Rodríguez,yerry rodríguez,666720.0,140,Texas Rangers,2023-07-25,0.0,4.0,3.0,1.0,7
2023,Dany Jiménez,dany jiménez,666204.0,133,Oakland Athletics,2023-08-22,1.0,4.0,5.0,1.0,7
2023,Adrián Martinez,adrián martinez,661309.0,133,Oakland Athletics,2023-08-23,0.0,4.0,0.0,1.0,7
2023,Dylan Lee,dylan lee,669276.0,144,Atlanta Braves,2023-05-10,0.0,5.0,2.0,1.0,7
2023,Josh Taylor,josh taylor,657031.0,118,Kansas City Royals,2023-05-12,0.0,5.0,1.0,1.0,7
2023,Mason Englert,mason englert,669438.0,116,Detroit Tigers,2023-06-12,1.0,5.0,6.0,1.0,7
2023,Alex Vesia,alex vesia,681911.0,119,Los Angeles Dodgers,2023-07-08,1.0,5.0,10.0,1.0,7
2023,Josh Winckowski,josh winckowski,670174.0,111,Boston Red Sox,2023-08-20,1.0,5.0,6.0,1.0,7
2023,Rob Zastryzny,rob zastryzny,642239.0,134,Pittsburgh Pirates,2023-08-24,0.0,5.0,4.0,1.0,7
2023,Collin Snider,collin snider,676092.0,118,Kansas City Royals,2023-09-08,0.0,5.0,4.0,1.0,7
2023,Jimmy Herget,jimmy herget,623474.0,108,Los Angeles Angels,2023-09-17,0.0,5.0,3.0,1.0,7
2023,Collin McHugh,collin mchugh,543521.0,144,Atlanta Braves,2023-05-14,0.0,6.0,5.0,1.0,7
2023,Connor Brogdon,connor brogdon,641401.0,143,Philadelphia Phillies,2023-05-15,0.0,6.0,3.0,1.0,7
2023,Justin Garza,justin garza,621057.0,111,Boston Red Sox,2023-06-22,0.0,6.0,0.0,1.0,7
2023,Michael Fulmer,michael fulmer,605242.0,112,Chicago Cubs,2023-07-22,1.0,6.0,8.0,1.0,7
2023,Spenser Watkins,spenser watkins,657093.0,133,Oakland Athletics,2023-08-15,0.0,6.0,2.0,1.0,7
2023,Tucker Davidson,tucker davidson,656353.0,118,Kansas City Royals,2023-08-21,0.0,6.0,4.0,1.0,7
2023,Emilio Pagán,emilio pagán,641941.0,142,Minnesota Twins,2023-09-30,1.0,6.0,14.0,1.0,7
2023,Janson Junk,janson junk,676083.0,158,Milwaukee Brewers,2023-04-12,0.0,7.0,3.0,1.0,7
2023,Caleb Kilian,caleb kilian,668873.0,112,Chicago Cubs,2023-04-29,0.0,7.0,6.0,1.0,7
2023,Jesse Chavez,jesse chavez,445926.0,144,Atlanta Braves,2023-05-20,0.0,7.0,3.0,1.0,7
2023,Sam Long,sam long,669674.0,133,Oakland Athletics,2023-07-07,0.0,7.0,3.0,1.0,7
2023,José Ruiz,josé ruiz,614179.0,109,Arizona Diamondbacks,2023-07-23,0.0,7.0,3.0,1.0,7
2023,Trent Thornton,trent thornton,663423.0,136,Seattle Mariners,2023-09-09,0.0,7.0,5.0,1.0,7
2023,Adam Oller,adam oller,670124.0,133,Oakland Athletics,2023-04-13,0.0,8.0,7.0,1.0,7
2023,Dylan Coleman,dylan coleman,669395.0,118,Kansas City Royals,2023-08-11,1.0,8.0,12.0,1.0,7
2023,Nick Robertson,nick robertson,687798.0,111,Boston Red Sox,2023-09-14,0.0,8.0,5.0,1.0,7
2023,Jacob Lopez,jacob lopez,682052.0,139,Tampa Bay Rays,2023-10-01,1.0,8.0,12.0,1.0,7
2023,Robbie Ray,robbie ray,592662.0,136,Seattle Mariners,2023-03-31,0.0,9.0,4.0,1.0,7
2023,Reiss Knehr,reiss knehr,663753.0,135,San Diego Padres,2023-06-27,0.0,9.0,4.0,1.0,7
2023,George Soriano,george soriano,666277.0,146,Miami Marlins,2023-08-05,0.0,9.0,8.0,1.0,7
2023,Francisco Pérez,francisco pérez,660906.0,133,Oakland Athletics,2023-08-18,0.0,9.0,4.0,1.0,7
2023,Matt Dermody,matt dermody,571616.0,111,Boston Red Sox,2023-06-08,0.0,10.0,3.0,1.0,7
2023,Dylan Covey,dylan covey,592229.0,143,Philadelphia Phillies,2023-05-28,0.0,11.0,4.0,1.0,7
2023,Michael Plassmeyer,michael plassmeyer,674681.0,143,Philadelphia Phillies,2023-09-30,0.0,11.0,4.0,1.0,7
2023,Keegan Akin,keegan akin,669211.0,110,Baltimore Orioles,2023-05-31,0.0,12.0,8.0,1.0,7
2023,Wes Parsons,wes parsons,641149.0,141,Toronto Blue Jays,2023-10-01,0.0,12.0,8.0,1.0,7
2023,Matt Koch,matt koch,571863.0,115,Colorado Rockies,2023-09-30,0.0,14.0,6.0,1.0,7
2022,Justin Verlander,justin verlander,434378.0,117,Houston Astros,2022-11-03,0.71875,2.40625,4.28125,30.0,7
2022,Alek Manoah,alek manoah,666201.0,141,Toronto Blue Jays,2022-10-07,0.5625,2.75,3.96875,30.0,7
2022,Shane Bieber,shane bieber,669456.0,114,Cleveland Guardians,2022-10-14,0.6666666666666666,2.878787878787879,4.121212121212121,30.0,7
2022,Sandy Alcantara,sandy alcantara,645261.0,146,Miami Marlins,2022-09-30,0.59375,2.90625,3.4375,30.0,7
2022,Julio Urías,julio urías,628711.0,119,Los Angeles Dodgers,2022-10-11,0.6875,2.90625,4.625,30.0,7
2022,Max Fried,max fried,608331.0,144,Atlanta Braves,2022-10-11,0.6451612903225806,3.0,4.129032258064516,30.0,7
2022,Kyle Wright,kyle wright,657140.0,144,Atlanta Braves,2022-10-12,0.8064516129032258,3.064516129032258,4.838709677419355,30.0,7
2022,Nestor Cortes,nestor cortes,641482.0,147,New York Yankees,2022-10-23,0.6451612903225806,3.064516129032258,4.870967741935484,30.0,7
2022,Shane McClanahan,shane mcclanahan,663556.0,139,Tampa Bay Rays,2022-10-07,0.5333333333333333,3.066666666666667,3.533333333333333,30.0,7
2022,Yu Darvish,yu darvish,506433.0,135,San Diego Padres,2022-10-23,0.5882352941176471,3.1176470588235294,4.029411764705882,30.0,7
2022,Triston McKenzie,triston mckenzie,663474.0,114,Cleveland Guardians,2022-10-15,0.65625,3.125,4.0625,30.0,7
2022,Zac Gallen,zac gallen,668678.0,109,Arizona Diamondbacks,2022-10-04,0.6129032258064516,3.129032258064516,4.741935483870968,30.0,7
2022,Framber Valdez,framber valdez,664285.0,117,Houston Astros,2022-11-05,0.7142857142857143,3.142857142857143,5.0285714285714285,30.0,7
2022,Miles Mikolas,miles mikolas,571945.0,138,St. Louis Cardinals,2022-10-08,0.5454545454545454,3.303030303030303,4.515151515151516,30.0,7
2022,Zack Wheeler,zack wheeler,554430.0,143,Philadelphia Phillies,2022-11-05,0.53125,3.40625,3.6875,30.0,7
2022,Martín Pérez,martín pérez,527048.0,140,Texas Rangers,2022-10-03,0.625,3.40625,4.875,30.0,7
2022,Jameson Taillon,jameson taillon,592791.0,147,New York Yankees,2022-10-19,0.7272727272727273,3.4242424242424243,5.606060606060606,30.0,7
2022,Gerrit Cole,gerrit cole,543037.0,147,New York Yankees,2022-10-22,0.6388888888888888,3.4444444444444446,5.111111111111111,30.0,7
2022,Logan Gilbert,logan gilbert,669302.0,136,Seattle Mariners,2022-10-11,0.6363636363636364,3.4545454545454546,4.484848484848484,30.0,7
2022,Corbin Burnes,corbin burnes,669203.0,158,Milwaukee Brewers,2022-10-05,0.6060606060606061,3.484848484848485,4.363636363636363,30.0,7
2022,Jordan Montgomery,jordan montgomery,656756.0,138,St. Louis Cardinals,2022-10-01,0.53125,3.5625,4.5625,30.0,7
2022,Joe Musgrove,joe musgrove,605397.0,135,San Diego Padres,2022-10-21,0.6363636363636364,3.606060606060606,4.757575757575758,30.0,7
2022,Aaron Nola,aaron nola,605400.0,143,Philadelphia Phillies,2022-11-02,0.4864864864864865,3.6216216216216215,4.405405405405405,30.0,7
2022,Cal Quantrill,cal quantrill,615698.0,114,Cleveland Guardians,2022-10-16,0.6470588235294118,3.7058823529411766,5.294117647058823,30.0,7
2022,Merrill Kelly,merrill kelly,518876.0,109,Arizona Diamondbacks,2022-10-05,0.48484848484848486,3.727272727272727,4.181818181818182,30.0,7
2022,Carlos Rodón,carlos rodón,607074.0,137,San Francisco Giants,2022-09-29,0.5161290322580645,3.7419354838709675,3.870967741935484,30.0,7
2022,Adam Wainwright,adam wainwright,425794.0,138,St. Louis Cardinals,2022-10-02,0.53125,3.75,5.09375,30.0,7
2022,Jose Quintana,jose quintana,500779.0,138,St. Louis Cardinals,2022-10-07,0.5757575757575758,3.787878787878788,4.242424242424242,30.0,7
2022,Dylan Cease,dylan cease,656302.0,145,Chicago White Sox,2022-10-01,0.625,3.8125,4.84375,30.0,7
2022,Logan Webb,logan webb,657277.0,137,San Francisco Giants,2022-09-27,0.5625,3.84375,4.96875,30.0,7
2022,Chris Bassitt,chris bassitt,605135.0,121,New York Mets,2022-10-09,0.6451612903225806,3.870967741935484,4.838709677419355,30.0,7
2022,Corey Kluber,corey kluber,446372.0,139,Tampa Bay Rays,2022-10-02,0.5161290322580645,4.0,4.354838709677419,30.0,7
2022,Cole Irvin,cole irvin,608344.0,133,Oakland Athletics,2022-10-04,0.4,4.033333333333333,3.466666666666667,30.0,7
2022,Robbie Ray,robbie ray,592662.0,136,Seattle Mariners,2022-10-08,0.5454545454545454,4.0606060606060606,3.9393939393939394,30.0,7
2022,José Berríos,josé berríos,621244.0,141,Toronto Blue Jays,2022-10-03,0.71875,4.09375,5.5625,30.0,7
2022,Ranger Suarez,ranger suarez,624133.0,143,Philadelphia Phillies,2022-11-01,0.625,4.125,4.65625,30.0,7
2022,Marco Gonzales,marco gonzales,594835.0,136,Seattle Mariners,2022-10-05,0.46875,4.15625,4.125,30.0,7
2022,Pablo López,pablo lópez,641154.0,146,Miami Marlins,2022-10-02,0.5,4.34375,3.5,30.0,7
2022,Kevin Gausman,kevin gausman,592332.0,141,Toronto Blue Jays,2022-10-08,0.5625,4.4375,4.90625,30.0,7
2022,Jordan Lyles,jordan lyles,543475.0,110,Baltimore Orioles,2022-09-30,0.53125,4.5,4.84375,30.0,7
2022,Charlie Morton,charlie morton,450203.0,144,Atlanta Braves,2022-10-15,0.5625,4.53125,5.125,30.0,7
2022,Kyle Freeland,kyle freeland,607536.0,115,Colorado Rockies,2022-10-01,0.45161290322580644,4.870967741935484,4.709677419354839,30.0,7
2022,Germán Márquez,germán márquez,608566.0,115,Colorado Rockies,2022-10-02,0.5161290322580645,4.967741935483871,4.483870967741935,30.0,7
2022,Nick Pivetta,nick pivetta,601713.0,111,Boston Red Sox,2022-10-05,0.45454545454545453,5.0,5.242424242424242,30.0,7
2022,Kyle Gibson,kyle gibson,502043.0,143,Philadelphia Phillies,2022-10-01,0.5161290322580645,5.419354838709677,5.161290322580645,30.0,7
2022,Lucas Giolito,lucas giolito,608337.0,145,Chicago White Sox,2022-10-04,0.43333333333333335,5.466666666666667,4.766666666666667,30.0,7
2022,Patrick Corbin,patrick corbin,571578.0,120,Washington Nationals,2022-10-02,0.1935483870967742,5.903225806451613,2.6774193548387095,30.0,7
2022,Taijuan Walker,taijuan walker,592836.0,121,New York Mets,2022-10-04,0.5517241379310345,3.4827586206896552,3.9655172413793105,29.0,7
2022,José Urquidy,josé urquidy,664353.0,117,Houston Astros,2022-09-23,0.6206896551724138,3.7586206896551726,5.275862068965517,29.0,7
2022,Eric Lauer,eric lauer,641778.0,158,Milwaukee Brewers,2022-10-04,0.5862068965517241,3.793103448275862,4.758620689655173,29.0,7
2022,Dylan Bundy,dylan bundy,605164.0,142,Minnesota Twins,2022-10-01,0.41379310344827586,4.551724137931035,4.482758620689655,29.0,7
2022,Mitch Keller,mitch keller,656605.0,134,Pittsburgh Pirates,2022-10-03,0.3448275862068966,4.931034482758621,3.4827586206896552,29.0,7
2022,Madison Bumgarner,madison bumgarner,518516.0,109,Arizona Diamondbacks,2022-09-16,0.3793103448275862,5.482758620689655,4.379310344827586,29.0,7
2022,Tyler Anderson,tyler anderson,542881.0,119,Los Angeles Dodgers,2022-10-15,0.7142857142857143,2.8214285714285716,5.428571428571429,28.0,7
2022,Shohei Ohtani,shohei ohtani,660271.0,108,Los Angeles Angels,2022-10-05,0.5714285714285714,2.892857142857143,3.607142857142857,28.0,7
2022,Drew Rasmussen,drew rasmussen,656876.0,139,Tampa Bay Rays,2022-09-30,0.6785714285714286,3.1785714285714284,4.714285714285714,28.0,7
2022,Luis Garcia,luis garcia,677651.0,117,Houston Astros,2022-10-02,0.6785714285714286,3.4642857142857144,5.107142857142857,28.0,7
2022,Blake Snell,blake snell,605483.0,135,San Diego Padres,2022-10-19,0.42857142857142855,4.0,3.7857142857142856,28.0,7
2022,Dane Dunning,dane dunning,641540.0,140,Texas Rangers,2022-09-21,0.32142857142857145,4.142857142857143,4.321428571428571,28.0,7
2022,Carlos Carrasco,carlos carrasco,471911.0,121,New York Mets,2022-10-04,0.6428571428571429,4.214285714285714,5.25,28.0,7
2022,Josiah Gray,josiah gray,680686.0,120,Washington Nationals,2022-09-28,0.4642857142857143,4.321428571428571,4.0,28.0,7
2022,Alex Cobb,alex cobb,502171.0,137,San Francisco Giants,2022-10-04,0.35714285714285715,4.392857142857143,4.428571428571429,28.0,7
2022,JT Brubaker,jt brubaker,664141.0,134,Pittsburgh Pirates,2022-10-04,0.2857142857142857,5.25,3.75,28.0,7
2022,Sean Manaea,sean manaea,640455.0,135,San Diego Padres,2022-10-04,0.4642857142857143,5.428571428571429,4.5,28.0,7
2022,Cristian Javier,cristian javier,664299.0,117,Houston Astros,2022-11-02,0.6296296296296297,2.925925925925926,3.5555555555555554,27.0,7
2022,Joe Ryan,joe ryan,657746.0,142,Minnesota Twins,2022-09-30,0.6296296296296297,3.5555555555555554,4.407407407407407,27.0,7
2022,Luis Castillo,luis castillo,622491.0,136,Seattle Mariners,2022-10-13,0.5555555555555556,3.6666666666666665,4.2592592592592595,27.0,7
2022,Brandon Woodruff,brandon woodruff,605540.0,158,Milwaukee Brewers,2022-10-03,0.7037037037037037,3.8518518518518516,4.925925925925926,27.0,7
2022,Frankie Montas,frankie montas,593423.0,147,New York Yankees,2022-09-16,0.2962962962962963,4.185185185185185,3.1481481481481484,27.0,7
2022,Patrick Sandoval,patrick sandoval,663776.0,108,Los Angeles Angels,2022-10-03,0.4444444444444444,4.296296296296297,3.3333333333333335,27.0,7
2022,Daniel Lynch IV,daniel lynch iv,663738.0,118,Kansas City Royals,2022-10-04,0.37037037037037035,4.444444444444445,3.4814814814814814,27.0,7
2022,Glenn Otto Jr.,glenn otto jr.,657248.0,140,Texas Rangers,2022-10-05,0.4444444444444444,4.518518518518518,4.148148148148148,27.0,7
2022,Erick Fedde,erick fedde,607200.0,120,Washington Nationals,2022-10-05,0.4444444444444444,5.222222222222222,4.296296296296297,27.0,7
2022,Chad Kuhl,chad kuhl,641771.0,115,Colorado Rockies,2022-09-30,0.37037037037037035,5.37037037037037,3.962962962962963,27.0,7
2022,Kris Bubic,kris bubic,663460.0,118,Kansas City Royals,2022-10-01,0.2962962962962963,6.2592592592592595,3.925925925925926,27.0,7
2022,George Kirby,george kirby,669923.0,136,Seattle Mariners,2022-10-15,0.6153846153846154,3.5384615384615383,4.615384615384615,26.0,7
2022,Noah Syndergaard,noah syndergaard,592789.0,143,Philadelphia Phillies,2022-11-03,0.46153846153846156,3.730769230769231,3.576923076923077,26.0,7
2022,Zack Greinke,zack greinke,425844.0,118,Kansas City Royals,2022-10-03,0.5,4.1923076923076925,3.8846153846153846,26.0,7
2022,Dakota Hudson,dakota hudson,641712.0,138,St. Louis Cardinals,2022-10-04,0.5,4.230769230769231,5.076923076923077,26.0,7
2022,James Kaprielian,james kaprielian,621076.0,133,Oakland Athletics,2022-10-02,0.5,4.423076923076923,3.8076923076923075,26.0,7
2022,Zach Davies,zach davies,605200.0,109,Arizona Diamondbacks,2022-10-02,0.4230769230769231,4.6923076923076925,3.8076923076923075,26.0,7
2022,Rich Hill,rich hill,448179.0,111,Boston Red Sox,2022-10-03,0.5384615384615384,4.6923076923076925,4.346153846153846,26.0,7
2022,Alex Wood,alex wood,622072.0,137,San Francisco Giants,2022-08-31,0.46153846153846156,4.846153846153846,4.3076923076923075,26.0,7
2022,Chris Archer,chris archer,502042.0,142,Minnesota Twins,2022-09-10,0.3076923076923077,5.076923076923077,3.6923076923076925,26.0,7
2022,Tony Gonsolin,tony gonsolin,664062.0,119,Los Angeles Dodgers,2022-10-14,0.76,2.2,4.8,25.0,7
2022,Jeffrey Springs,jeffrey springs,605488.0,139,Tampa Bay Rays,2022-10-04,0.68,2.92,3.8,25.0,7
2022,Max Scherzer,max scherzer,453286.0,121,New York Mets,2022-10-07,0.56,3.48,4.48,25.0,7
2022,Michael Kopech,michael kopech,656629.0,145,Chicago White Sox,2022-09-13,0.44,3.8,3.52,25.0,7
2022,Marcus Stroman,marcus stroman,573186.0,112,Chicago Cubs,2022-10-02,0.36,4.16,3.6,25.0,7
2022,Reid Detmers,reid detmers,672282.0,108,Los Angeles Angels,2022-09-30,0.4,4.28,5.08,25.0,7
2022,Brady Singer,brady singer,663903.0,118,Kansas City Royals,2022-09-30,0.625,3.5,4.375,24.0,7
2022,Johnny Cueto,johnny cueto,456501.0,145,Chicago White Sox,2022-10-03,0.4583333333333333,3.9166666666666665,3.875,24.0,7
2022,Ross Stripling,ross stripling,548389.0,141,Toronto Blue Jays,2022-10-01,0.7083333333333334,4.0,5.708333333333333,24.0,7
2022,Sonny Gray,sonny gray,543243.0,142,Minnesota Twins,2022-09-19,0.5833333333333334,4.166666666666667,5.333333333333333,24.0,7
2022,Mike Clevinger,mike clevinger,605182.0,135,San Diego Padres,2022-10-22,0.625,4.208333333333333,5.041666666666667,24.0,7
2022,Zach Plesac,zach plesac,668676.0,114,Cleveland Guardians,2022-10-01,0.375,4.5,3.3333333333333335,24.0,7
2022,Jon Gray,jon gray,592351.0,140,Texas Rangers,2022-10-04,0.4166666666666667,4.625,4.666666666666667,24.0,7
2022,Hunter Greene,hunter greene,668881.0,113,Cincinnati Reds,2022-10-03,0.25,4.708333333333333,3.7083333333333335,24.0,7
2022,Justin Steele,justin steele,657006.0,112,Chicago Cubs,2022-08-26,0.4583333333333333,5.041666666666667,4.583333333333333,24.0,7
2022,Clayton Kershaw,clayton kershaw,477132.0,119,Los Angeles Dodgers,2022-10-12,0.6521739130434783,2.869565217391304,5.3478260869565215,23.0,7
2022,Michael Wacha,michael wacha,608379.0,111,Boston Red Sox,2022-10-02,0.6956521739130435,3.6956521739130435,5.913043478260869,23.0,7
2022,Tyler Wells,tyler wells,669330.0,110,Baltimore Orioles,2022-09-19,0.4782608695652174,4.0,4.3478260869565215,23.0,7
2022,Kyle Bradish,kyle bradish,680694.0,110,Baltimore Orioles,2022-10-02,0.6086956521739131,4.217391304347826,4.956521739130435,23.0,7
2022,Trevor Rogers,trevor rogers,669432.0,146,Miami Marlins,2022-09-17,0.21739130434782608,5.173913043478261,3.608695652173913,23.0,7
2022,Tyler Mahle,tyler mahle,641816.0,142,Minnesota Twins,2022-09-03,0.4782608695652174,5.217391304347826,4.565217391304348,23.0,7
2022,Drew Smyly,drew smyly,592767.0,112,Chicago Cubs,2022-10-01,0.45454545454545453,3.8181818181818183,3.227272727272727,22.0,7
2022,Chris Flexen,chris flexen,623167.0,136,Seattle Mariners,2022-10-04,0.5,4.0,3.6363636363636362,22.0,7
2022,Ian Anderson,ian anderson,666120.0,144,Atlanta Braves,2022-08-13,0.6818181818181818,4.181818181818182,5.954545454545454,22.0,7
2022,Jake Odorizzi,jake odorizzi,543606.0,144,Atlanta Braves,2022-10-04,0.5,4.590909090909091,4.136363636363637,22.0,7
2022,Paul Blackburn,paul blackburn,621112.0,133,Oakland Athletics,2022-08-10,0.45454545454545453,4.818181818181818,4.0,22.0,7
2022,Brad Keller,brad keller,641745.0,118,Kansas City Royals,2022-08-13,0.36363636363636365,5.136363636363637,3.6818181818181817,22.0,7
2022,Zach Thompson,zach thompson,605507.0,134,Pittsburgh Pirates,2022-08-31,0.3181818181818182,5.818181818181818,3.5454545454545454,22.0,7
2022,Dean Kremer,dean kremer,665152.0,110,Baltimore Orioles,2022-10-03,0.6666666666666666,3.0,3.380952380952381,21.0,7
2022,Luis Severino,luis severino,622663.0,147,New York Yankees,2022-10-20,0.6190476190476191,3.3333333333333335,5.190476190476191,21.0,7
2022,Spencer Strider,spencer strider,675911.0,144,Atlanta Braves,2022-10-14,0.6190476190476191,3.619047619047619,5.428571428571429,21.0,7
2022,Lance Lynn,lance lynn,458681.0,145,Chicago White Sox,2022-10-02,0.5714285714285714,4.238095238095238,4.238095238095238,21.0,7
2022,Aaron Civale,aaron civale,650644.0,114,Cleveland Guardians,2022-10-18,0.5714285714285714,5.0,4.857142857142857,21.0,7
2022,Adrian Houser,adrian houser,605288.0,158,Milwaukee Brewers,2022-09-27,0.42857142857142855,5.142857142857143,4.619047619047619,21.0,7
2022,Jonathan Heasley,jonathan heasley,669169.0,118,Kansas City Royals,2022-10-05,0.2857142857142857,6.0476190476190474,4.523809523809524,21.0,7
2022,Tarik Skubal,tarik skubal,669373.0,116,Detroit Tigers,2022-08-01,0.45,4.05,3.6,20.0,7
2022,Spenser Watkins,spenser watkins,657093.0,110,Baltimore Orioles,2022-10-05,0.45,4.1,3.3,20.0,7
2022,José Suarez,josé suarez,660761.0,108,Los Angeles Angels,2022-10-01,0.5,4.15,3.7,20.0,7
2022,Nathan Eovaldi,nathan eovaldi,543135.0,111,Boston Red Sox,2022-10-04,0.55,5.2,4.3,20.0,7
2022,Yusei Kikuchi,yusei kikuchi,579328.0,141,Toronto Blue Jays,2022-08-15,0.3,5.25,4.15,20.0,7
2022,Bryse Wilson,bryse wilson,669060.0,134,Pittsburgh Pirates,2022-09-28,0.5,5.45,4.45,20.0,7
2022,Adrian Sampson,adrian sampson,592716.0,112,Chicago Cubs,2022-10-05,0.5789473684210527,3.789473684210526,4.052631578947368,19.0,7
2022,Nick Lodolo,nick lodolo,666157.0,113,Cincinnati Reds,2022-10-01,0.47368421052631576,4.157894736842105,4.0,19.0,7
2022,Paolo Espino,paolo espino,502179.0,120,Washington Nationals,2022-10-04,0.3684210526315789,5.315789473684211,3.4210526315789473,19.0,7
2022,Mike Minor,mike minor,501985.0,113,Cincinnati Reds,2022-09-17,0.21052631578947367,5.473684210526316,3.3684210526315788,19.0,7
2022,Ryan Feltner,ryan feltner,663372.0,115,Colorado Rockies,2022-10-04,0.3157894736842105,5.7368421052631575,4.894736842105263,19.0,7
2022,Graham Ashcraft,graham ashcraft,668933.0,113,Cincinnati Reds,2022-10-05,0.5263157894736842,5.842105263157895,4.7368421052631575,19.0,7
2022,Antonio Senzatela,antonio senzatela,622608.0,115,Colorado Rockies,2022-08-18,0.42105263157894735,6.368421052631579,4.2631578947368425,19.0,7
2022,David Peterson,david peterson,656849.0,121,New York Mets,2022-09-14,0.6666666666666666,3.611111111111111,5.444444444444445,18.0,7
2022,Jesús Luzardo,jesús luzardo,666200.0,146,Miami Marlins,2022-10-03,0.2222222222222222,3.9444444444444446,2.611111111111111,18.0,7
2022,Roansy Contreras,roansy contreras,672710.0,134,Pittsburgh Pirates,2022-10-02,0.5,4.611111111111111,4.055555555555555,18.0,7
2022,Michael Lorenzen,michael lorenzen,547179.0,108,Los Angeles Angels,2022-10-04,0.4444444444444444,4.666666666666667,4.277777777777778,18.0,7
2022,Drew Hutchison,drew hutchison,571800.0,116,Detroit Tigers,2022-10-01,0.4444444444444444,4.666666666666667,4.666666666666667,18.0,7
2022,Aaron Ashby,aaron ashby,676879.0,158,Milwaukee Brewers,2022-10-01,0.2777777777777778,5.222222222222222,3.2777777777777777,18.0,7
2022,Mitch White,mitch white,669952.0,141,Toronto Blue Jays,2022-09-28,0.3888888888888889,5.611111111111111,4.5,18.0,7
2022,Braxton Garrett,braxton garrett,666129.0,146,Miami Marlins,2022-10-04,0.47058823529411764,3.0588235294117645,3.411764705882353,17.0,7
2022,Bailey Falter,bailey falter,663559.0,143,Philadelphia Phillies,2022-10-22,0.7058823529411765,3.588235294117647,5.411764705882353,17.0,7
2022,Austin Voth,austin voth,608723.0,110,Baltimore Orioles,2022-10-01,0.5882352941176471,3.9411764705882355,4.352941176470588,17.0,7
2022,Freddy Peralta,freddy peralta,642547.0,158,Milwaukee Brewers,2022-10-02,0.47058823529411764,4.117647058823529,4.176470588235294,17.0,7
2022,Eduardo Rodriguez,eduardo rodriguez,593958.0,116,Detroit Tigers,2022-10-04,0.35294117647058826,4.588235294117647,4.235294117647059,17.0,7
2022,Tyler Alexander,tyler alexander,641302.0,116,Detroit Tigers,2022-10-05,0.17647058823529413,4.764705882352941,2.8823529411764706,17.0,7
2022,Jakob Junis,jakob junis,596001.0,137,San Francisco Giants,2022-09-19,0.5882352941176471,5.117647058823529,4.9411764705882355,17.0,7
2022,José Ureña,josé ureña,570632.0,115,Colorado Rockies,2022-10-03,0.35294117647058826,5.235294117647059,2.588235294117647,17.0,7
2022,Keegan Thompson,keegan thompson,624522.0,112,Chicago Cubs,2022-08-19,0.5294117647058824,5.294117647058823,4.647058823529412,17.0,7
2022,Austin Gomber,austin gomber,596295.0,115,Colorado Rockies,2022-10-05,0.4117647058823529,5.9411764705882355,4.529411764705882,17.0,7
2022,Kyle Hendricks,kyle hendricks,543294.0,112,Chicago Cubs,2022-07-05,0.5625,4.625,5.625,16.0,7
2022,Beau Brieske,beau brieske,689225.0,116,Detroit Tigers,2022-07-12,0.4,3.933333333333333,3.2,15.0,7
2022,Andrew Heaney,andrew heaney,571760.0,119,Los Angeles Dodgers,2022-09-23,0.7142857142857143,3.857142857142857,6.642857142857143,14.0,7
2022,Aníbal Sánchez,aníbal sánchez,434671.0,120,Washington Nationals,2022-10-01,0.5,3.857142857142857,4.428571428571429,14.0,7
2022,Domingo Germán,domingo germán,593334.0,147,New York Yankees,2022-10-05,0.42857142857142855,4.0,3.9285714285714284,14.0,7
2022,Adam Oller,adam oller,670124.0,133,Oakland Athletics,2022-10-01,0.2857142857142857,5.428571428571429,3.2142857142857144,14.0,7
2022,Joan Adon,joan adon,672851.0,120,Washington Nationals,2022-07-07,0.07142857142857142,6.428571428571429,1.7857142857142858,14.0,7
2022,Dallas Keuchel,dallas keuchel,572971.0,140,Texas Rangers,2022-09-02,0.2857142857142857,7.785714285714286,3.857142857142857,14.0,7
2022,Edward Cabrera,edward cabrera,665795.0,146,Miami Marlins,2022-10-01,0.5384615384615384,3.4615384615384617,4.538461538461538,13.0,7
2022,Matt Manning,matt manning,666159.0,116,Detroit Tigers,2022-09-28,0.46153846153846156,3.769230769230769,2.923076923076923,13.0,7
2022,MacKenzie Gore,mackenzie gore,669022.0,135,San Diego Padres,2022-07-10,0.5384615384615384,4.230769230769231,3.8461538461538463,13.0,7
2022,Josh Winckowski,josh winckowski,670174.0,111,Boston Red Sox,2022-08-23,0.46153846153846156,4.3076923076923075,4.153846153846154,13.0,7
2022,Taylor Hearn,taylor hearn,621368.0,140,Texas Rangers,2022-06-18,0.5384615384615384,5.0,5.153846153846154,13.0,7
2022,Zach Eflin,zach eflin,621107.0,143,Philadelphia Phillies,2022-06-25,0.46153846153846156,5.3076923076923075,5.153846153846154,13.0,7
2022,Bruce Zimmermann,bruce zimmermann,669145.0,110,Baltimore Orioles,2022-06-15,0.38461538461538464,5.461538461538462,3.8461538461538463,13.0,7
2022,Jacob deGrom,jacob degrom,594798.0,121,New York Mets,2022-10-08,0.5833333333333334,3.0833333333333335,3.75,12.0,7
2022,Devin Smeltzer,devin smeltzer,656970.0,142,Minnesota Twins,2022-07-15,0.4166666666666667,4.166666666666667,4.166666666666667,12.0,7
2022,Walker Buehler,walker buehler,621111.0,119,Los Angeles Dodgers,2022-06-10,0.5833333333333334,4.5,5.583333333333333,12.0,7
2022,Alex Faedo,alex faedo,656412.0,116,Detroit Tigers,2022-07-11,0.5,4.75,2.75,12.0,7
2022,Adrián Martinez,adrián martinez,661309.0,133,Oakland Athletics,2022-10-03,0.4166666666666667,5.083333333333333,4.083333333333333,12.0,7
2022,Kutter Crawford,kutter crawford,676710.0,111,Boston Red Sox,2022-08-30,0.3333333333333333,6.25,4.0,12.0,7
2022,Lance McCullers Jr.,lance mccullers jr.,621121.0,117,Houston Astros,2022-11-01,0.6363636363636364,2.909090909090909,3.1818181818181817,11.0,7
2022,Bailey Ober,bailey ober,641927.0,142,Minnesota Twins,2022-10-03,0.5454545454545454,4.0,4.363636363636363,11.0,7
2022,Josh Winder,josh winder,680739.0,142,Minnesota Twins,2022-10-04,0.45454545454545453,4.0,4.2727272727272725,11.0,7
2022,Michael Pineda,michael pineda,501381.0,116,Detroit Tigers,2022-09-03,0.36363636363636365,4.2727272727272725,2.272727272727273,11.0,7
2022,Konnor Pilkington,konnor pilkington,663455.0,114,Cleveland Guardians,2022-09-17,0.5454545454545454,4.454545454545454,4.090909090909091,11.0,7
2022,John Brebbia,john brebbia,605154.0,137,San Francisco Giants,2022-10-05,0.6363636363636364,4.636363636363637,5.363636363636363,11.0,7
2022,Tucker Davidson,tucker davidson,656353.0,108,Los Angeles Angels,2022-10-02,0.36363636363636365,5.0,3.4545454545454546,11.0,7
2022,Jason Alexander,jason alexander,669920.0,158,Milwaukee Brewers,2022-09-18,0.36363636363636365,5.0,4.0,11.0,7
2022,Brayan Bello,brayan bello,678394.0,111,Boston Red Sox,2022-10-01,0.18181818181818182,5.2727272727272725,2.6363636363636362,11.0,7
2022,Luis Cessa,luis cessa,570666.0,113,Cincinnati Reds,2022-10-04,0.5,3.7,3.0,10.0,7
2022,Nick Martinez,nick martinez,607259.0,135,San Diego Padres,2022-06-18,0.5,4.0,3.3,10.0,7
2022,Trevor Williams,trevor williams,592866.0,121,New York Mets,2022-10-05,0.6,4.0,5.5,10.0,7
2022,Andre Pallante,andre pallante,669467.0,138,St. Louis Cardinals,2022-07-31,0.5,4.0,3.6,10.0,7
2022,Steven Matz,steven matz,571927.0,138,St. Louis Cardinals,2022-07-23,0.7,4.3,5.8,10.0,7
2022,Aaron Sanchez,aaron sanchez,592717.0,142,Minnesota Twins,2022-08-28,0.6,4.8,6.9,10.0,7
2022,JP Sears,jp sears,676664.0,133,Oakland Athletics,2022-09-25,0.6,4.8,3.6,10.0,7
2022,Zach Logue,zach logue,656657.0,133,Oakland Athletics,2022-08-23,0.2,5.5,3.2,10.0,7
2022,Elieser Hernández,elieser hernández,622694.0,146,Miami Marlins,2022-10-05,0.4,6.0,6.1,10.0,7
2022,Bryce Elder,bryce elder,693821.0,144,Atlanta Braves,2022-10-03,0.4444444444444444,2.5555555555555554,4.111111111111111,9.0,7
2022,Tylor Megill,tylor megill,656731.0,121,New York Mets,2022-06-16,0.7777777777777778,3.4444444444444446,4.222222222222222,9.0,7
2022,Vince Velasquez,vince velasquez,592826.0,145,Chicago White Sox,2022-09-18,0.6666666666666666,4.555555555555555,5.666666666666667,9.0,7
2022,Ryan Yarbrough,ryan yarbrough,642232.0,139,Tampa Bay Rays,2022-08-21,0.2222222222222222,4.555555555555555,2.888888888888889,9.0,7
2022,Garrett Whitlock,garrett whitlock,676477.0,111,Boston Red Sox,2022-06-07,0.5555555555555556,4.888888888888889,5.444444444444445,9.0,7
2022,Davis Martin,davis martin,663436.0,145,Chicago White Sox,2022-10-05,0.3333333333333333,5.0,2.5555555555555554,9.0,7
2022,Cole Ragans,cole ragans,666142.0,140,Texas Rangers,2022-10-01,0.3333333333333333,5.111111111111111,3.2222222222222223,9.0,7
2022,Humberto Castellanos,humberto castellanos,528748.0,109,Arizona Diamondbacks,2022-05-31,0.5555555555555556,5.777777777777778,4.222222222222222,9.0,7
2022,Cory Abbott,cory abbott,676265.0,120,Washington Nationals,2022-10-04,0.1111111111111111,6.0,2.7777777777777777,9.0,7
2022,Tommy Henry,tommy henry,674072.0,109,Arizona Diamondbacks,2022-10-03,0.3333333333333333,6.444444444444445,4.444444444444445,9.0,7
2022,Javier Assad,javier assad,665871.0,112,Chicago Cubs,2022-10-04,0.5,3.25,3.125,8.0,7
2022,Garrett Hill,garrett hill,682051.0,116,Detroit Tigers,2022-08-16,0.375,4.0,3.125,8.0,7
2022,Johan Oviedo,johan oviedo,670912.0,134,Pittsburgh Pirates,2022-10-05,0.375,4.125,2.75,8.0,7
2022,Wade Miley,wade miley,489119.0,112,Chicago Cubs,2022-09-24,0.375,4.25,4.125,8.0,7
2022,Jack Flaherty,jack flaherty,656427.0,138,St. Louis Cardinals,2022-09-30,0.625,4.375,4.375,8.0,7
2022,Daulton Jefferies,daulton jefferies,641726.0,133,Oakland Athletics,2022-05-18,0.125,5.0,1.875,8.0,7
2022,Rony García,rony garcía,665621.0,116,Detroit Tigers,2022-07-24,0.5,5.375,4.75,8.0,7
2022,Spencer Howard,spencer howard,675921.0,140,Texas Rangers,2022-08-07,0.375,6.0,5.375,8.0,7
2022,Jordan Hicks,jordan hicks,663855.0,138,St. Louis Cardinals,2022-07-12,0.375,6.0,3.0,8.0,7
2022,Vladimir Gutierrez,vladimir gutierrez,661269.0,113,Cincinnati Reds,2022-05-28,0.25,7.125,4.0,8.0,7
2022,Joey Wentz,joey wentz,666214.0,116,Detroit Tigers,2022-10-02,0.7142857142857143,2.857142857142857,3.857142857142857,7.0,7
2022,Jalen Beeks,jalen beeks,656222.0,139,Tampa Bay Rays,2022-08-15,0.42857142857142855,3.5714285714285716,3.142857142857143,7.0,7
2022,Matthew Liberatore,matthew liberatore,669461.0,138,St. Louis Cardinals,2022-10-05,0.7142857142857143,4.0,4.857142857142857,7.0,7
2022,Ryan Pepiot,ryan pepiot,686752.0,119,Los Angeles Dodgers,2022-08-21,0.7142857142857143,4.285714285714286,6.142857142857143,7.0,7
2022,Justin Dunn,justin dunn,643290.0,113,Cincinnati Reds,2022-09-11,0.42857142857142855,4.571428571428571,4.714285714285714,7.0,7
2022,Tyler Gilbert,tyler gilbert,656457.0,109,Arizona Diamondbacks,2022-07-26,0.2857142857142857,4.857142857142857,4.571428571428571,7.0,7
2022,Daniel Castano,daniel castano,641447.0,146,Miami Marlins,2022-07-28,0.5714285714285714,5.0,3.857142857142857,7.0,7
2022,Chase Anderson,chase anderson,502624.0,113,Cincinnati Reds,2022-10-02,0.42857142857142855,5.285714285714286,3.857142857142857,7.0,7
2022,Chase Silseth,chase silseth,681217.0,108,Los Angeles Angels,2022-07-30,0.2857142857142857,5.714285714285714,3.0,7.0,7
2022,Ken Waldichuk,ken waldichuk,686610.0,133,Oakland Athletics,2022-10-05,0.2857142857142857,5.857142857142857,4.428571428571429,7.0,7
2022,Carlos Hernández,carlos hernández,672578.0,118,Kansas City Royals,2022-05-19,0.14285714285714285,6.285714285714286,3.4285714285714284,7.0,7
2022,Sam Long,sam long,669674.0,137,San Francisco Giants,2022-07-08,0.5,2.5,3.1666666666666665,6.0,7
2022,Dustin May,dustin may,669160.0,119,Los Angeles Dodgers,2022-09-21,0.3333333333333333,3.3333333333333335,3.1666666666666665,6.0,7
2022,Hyun Jin Ryu,hyun jin ryu,547943.0,141,Toronto Blue Jays,2022-06-01,0.6666666666666666,4.5,5.166666666666667,6.0,7
2022,Shane Baz,shane baz,669358.0,139,Tampa Bay Rays,2022-07-10,0.16666666666666666,5.0,4.0,6.0,7
2022,Luis Patiño,luis patiño,672715.0,139,Tampa Bay Rays,2022-09-11,0.5,6.166666666666667,4.166666666666667,6.0,7
2022,Matt Bush,matt bush,456713.0,158,Milwaukee Brewers,2022-09-13,0.16666666666666666,6.666666666666667,3.8333333333333335,6.0,7
2022,Cody Morris,cody morris,663752.0,114,Cleveland Guardians,2022-09-23,0.4,3.0,2.2,5.0,7
2022,Michael Grove,michael grove,675627.0,119,Los Angeles Dodgers,2022-10-01,0.8,3.2,4.2,5.0,7
2022,Chris Paddack,chris paddack,663978.0,142,Minnesota Twins,2022-05-08,0.6,3.4,2.2,5.0,7
2022,Louis Varland,louis varland,686973.0,142,Minnesota Twins,2022-10-05,0.2,3.8,4.0,5.0,7
2022,Chi Chi González,chi chi gonzález,592346.0,147,New York Yankees,2022-10-02,0.6,4.0,5.6,5.0,7
2022,Matt Brash,matt brash,666374.0,136,Seattle Mariners,2022-05-04,0.4,5.4,6.0,5.0,7
2022,Tyler Beede,tyler beede,595881.0,134,Pittsburgh Pirates,2022-08-27,0.2,5.6,1.8,5.0,7
2022,Matt Wisler,matt wisler,605538.0,139,Tampa Bay Rays,2022-07-11,0.6,5.8,5.8,5.0,7
2022,Matt Swarmer,matt swarmer,664161.0,112,Chicago Cubs,2022-06-21,0.2,5.8,3.4,5.0,7
2022,Anthony DeSclafani,anthony desclafani,543101.0,137,San Francisco Giants,2022-06-26,0.6,6.0,4.8,5.0,7
2022,Jared Koenig,jared koenig,657649.0,133,Oakland Athletics,2022-07-16,0.4,6.2,3.2,5.0,7
2022,Elvin Rodríguez,elvin rodríguez,660730.0,116,Detroit Tigers,2022-07-14,0.2,6.6,1.4,5.0,7
2022,Max Castillo,max castillo,666721.0,118,Kansas City Royals,2022-10-02,0.6,6.6,5.6,5.0,7
2022,Connor Seabold,connor seabold,657756.0,111,Boston Red Sox,2022-09-26,0.2,8.0,4.0,5.0,7
2022,Tanner Houck,tanner houck,656557.0,111,Boston Red Sox,2022-05-08,0.5,2.25,3.0,4.0,7
2022,Drey Jameson,drey jameson,686753.0,109,Arizona Diamondbacks,2022-10-01,0.75,2.25,4.75,4.0,7
2022,Connor Overton,connor overton,656818.0,113,Cincinnati Reds,2022-05-17,0.75,2.5,5.25,4.0,7
2022,Hayden Wesneski,hayden wesneski,669713.0,112,Chicago Cubs,2022-10-03,0.5,2.5,2.25,4.0,7
2022,Trevor Richards,trevor richards,670950.0,141,Toronto Blue Jays,2022-10-05,0.5,3.25,3.75,4.0,7
2022,Bryan Garcia,bryan garcia,650530.0,116,Detroit Tigers,2022-10-03,0.75,3.75,4.5,4.0,7
2022,Scott Alexander,scott alexander,518397.0,137,San Francisco Giants,2022-10-02,0.5,3.75,3.0,4.0,7
2022,Dillon Peters,dillon peters,596071.0,134,Pittsburgh Pirates,2022-05-16,0.25,4.5,2.0,4.0,7
2022,Mark Leiter Jr.,mark leiter jr.,643410.0,112,Chicago Cubs,2022-07-07,0.25,5.25,4.5,4.0,7
2022,Jackson Tetreault,jackson tetreault,676194.0,120,Washington Nationals,2022-07-02,0.5,5.5,5.5,4.0,7
2022,Kohei Arihara,kohei arihara,685503.0,140,Texas Rangers,2022-09-10,0.25,6.25,5.75,4.0,7
2022,Mike Baumann,mike baumann,657508.0,110,Baltimore Orioles,2022-10-05,0.25,6.75,5.25,4.0,7
2022,Luis Ortiz,luis ortiz,682847.0,134,Pittsburgh Pirates,2022-10-01,0.25,7.5,3.75,4.0,7
2022,Reiver Sanmartin,reiver sanmartin,665665.0,113,Cincinnati Reds,2022-05-01,0.0,8.0,3.75,4.0,7
2022,Clarke Schmidt,clarke schmidt,657376.0,147,New York Yankees,2022-09-03,0.3333333333333333,2.3333333333333335,1.3333333333333333,3.0,7
2022,Tyler Glasnow,tyler glasnow,607192.0,139,Tampa Bay Rays,2022-10-08,0.0,2.3333333333333335,1.3333333333333333,3.0,7
2022,Kyle Muller,kyle muller,666205.0,144,Atlanta Braves,2022-09-27,0.6666666666666666,3.6666666666666665,5.333333333333333,3.0,7
2022,Jhonathan Díaz,jhonathan díaz,646242.0,108,Los Angeles Angels,2022-06-10,0.3333333333333333,3.6666666666666665,3.0,3.0,7
2022,Cristopher Sánchez,cristopher sánchez,650911.0,143,Philadelphia Phillies,2022-08-24,0.6666666666666666,3.6666666666666665,6.333333333333333,3.0,7
2022,Austin Davis,austin davis,656354.0,111,Boston Red Sox,2022-07-29,0.3333333333333333,3.6666666666666665,2.0,3.0,7
2022,Josh Rogers,josh rogers,642028.0,120,Washington Nationals,2022-04-21,0.3333333333333333,4.0,6.0,3.0,7
2022,Ryne Nelson,ryne nelson,669194.0,109,Arizona Diamondbacks,2022-09-18,0.3333333333333333,4.0,2.0,3.0,7
2022,Max Meyer,max meyer,676974.0,146,Miami Marlins,2022-09-09,0.3333333333333333,4.666666666666667,2.0,3.0,7
2022,Mike Mayers,mike mayers,594577.0,108,Los Angeles Angels,2022-09-06,0.3333333333333333,5.0,4.0,3.0,7
2022,Daniel Norris,daniel norris,596057.0,116,Detroit Tigers,2022-08-17,0.0,5.333333333333333,2.0,3.0,7
2022,JT Chargois,jt chargois,608638.0,139,Tampa Bay Rays,2022-09-22,0.6666666666666666,6.0,8.666666666666666,3.0,7
2022,Packy Naughton,packy naughton,676050.0,138,St. Louis Cardinals,2022-06-08,0.3333333333333333,6.333333333333333,4.0,3.0,7
2022,Cole Sands,cole sands,663485.0,142,Minnesota Twins,2022-06-12,0.0,6.666666666666667,1.3333333333333333,3.0,7
2022,Josh Fleming,josh fleming,676596.0,139,Tampa Bay Rays,2022-10-05,0.0,7.0,3.0,3.0,7
2022,T.J. Zeuch,t.j. zeuch,643615.0,113,Cincinnati Reds,2022-08-24,0.0,9.333333333333334,3.6666666666666665,3.0,7
2022,Caleb Kilian,caleb kilian,668873.0,112,Chicago Cubs,2022-06-20,0.0,12.666666666666666,3.3333333333333335,3.0,7
2022,Jesus Tinoco,jesus tinoco,622786.0,140,Texas Rangers,2022-10-04,1.0,1.0,4.0,2.0,7
2022,Shawn Armstrong,shawn armstrong,542888.0,139,Tampa Bay Rays,2022-09-17,0.5,1.5,3.0,2.0,7
2022,Hunter Brown,hunter brown,686613.0,117,Houston Astros,2022-09-13,1.0,1.5,3.5,2.0,7
2022,J.P. Feyereisen,j.p. feyereisen,656420.0,139,Tampa Bay Rays,2022-04-23,1.0,2.5,6.0,2.0,7
2022,John Means,john means,607644.0,110,Baltimore Orioles,2022-04-13,0.0,3.0,1.5,2.0,7
2022,Cody Poteet,cody poteet,547001.0,146,Miami Marlins,2022-05-25,0.5,3.0,4.5,2.0,7
2022,Alec Mills,alec mills,621219.0,112,Chicago Cubs,2022-07-02,1.0,3.0,4.5,2.0,7
2022,Bryan Shaw,bryan shaw,543766.0,114,Cleveland Guardians,2022-07-31,1.0,3.0,6.5,2.0,7
2022,Luke Farrell,luke farrell,608652.0,112,Chicago Cubs,2022-08-31,1.0,3.0,7.0,2.0,7
2022,Casey Mize,casey mize,663554.0,116,Detroit Tigers,2022-04-14,0.5,3.5,3.0,2.0,7
2022,Jimmy Lambert,jimmy lambert,669424.0,145,Chicago White Sox,2022-04-20,0.0,3.5,1.0,2.0,7
2022,Angel Zerpa,angel zerpa,672582.0,118,Kansas City Royals,2022-07-26,0.5,3.5,1.5,2.0,7
2022,Fernando Cruz,fernando cruz,518585.0,113,Cincinnati Reds,2022-09-16,0.0,3.5,2.5,2.0,7
2022,Garrett Richards,garrett richards,572070.0,140,Texas Rangers,2022-04-29,0.0,4.0,1.5,2.0,7
2022,Wily Peralta,wily peralta,503449.0,116,Detroit Tigers,2022-06-07,0.5,4.0,2.5,2.0,7
2022,Janson Junk,janson junk,676083.0,108,Los Angeles Angels,2022-08-04,0.5,4.0,5.5,2.0,7
2022,Chris Ellis,chris ellis,595939.0,110,Baltimore Orioles,2022-04-24,0.0,4.5,3.5,2.0,7
2022,Corbin Martin,corbin martin,656686.0,109,Arizona Diamondbacks,2022-07-30,0.0,5.0,2.5,2.0,7
2022,Xzavion Curry,xzavion curry,675540.0,114,Cleveland Guardians,2022-09-03,0.0,5.5,2.5,2.0,7
2022,Bryan Baker,bryan baker,641329.0,110,Baltimore Orioles,2022-05-31,0.5,6.0,1.5,2.0,7
2022,Ethan Small,ethan small,663629.0,158,Milwaukee Brewers,2022-07-26,1.0,6.0,7.0,2.0,7
2022,Erasmo Ramírez,erasmo ramírez,541640.0,120,Washington Nationals,2022-07-17,0.5,6.0,6.0,2.0,7
2022,Touki Toussaint,touki toussaint,657053.0,108,Los Angeles Angels,2022-08-17,0.5,7.5,6.0,2.0,7
2022,Tommy Romero,tommy romero,676720.0,120,Washington Nationals,2022-10-01,0.5,8.0,5.5,2.0,7
2022,Chris Sale,chris sale,519242.0,111,Boston Red Sox,2022-07-17,0.0,8.0,2.0,2.0,7
2022,Tommy Nance,tommy nance,667297.0,146,Miami Marlins,2022-08-26,0.0,8.0,4.0,2.0,7
2022,Tyson Miller,tyson miller,668338.0,140,Texas Rangers,2022-10-02,0.0,8.5,2.5,2.0,7
2022,Nick Nelson,nick nelson,656793.0,143,Philadelphia Phillies,2022-08-02,0.0,8.5,2.0,2.0,7
2022,Hunter Gaddis,hunter gaddis,683769.0,114,Cleveland Guardians,2022-09-15,0.0,8.5,2.5,2.0,7
2022,Huascar Ynoa,huascar ynoa,660623.0,144,Atlanta Braves,2022-04-18,0.0,9.0,3.0,2.0,7
2022,Kirk McCarty,kirk mccarty,668948.0,114,Cleveland Guardians,2022-07-02,0.0,9.5,3.5,2.0,7
2022,Kenny Rosenberg,kenny rosenberg,670046.0,108,Los Angeles Angels,2022-06-19,1.0,0.0,4.0,1.0,7
2022,Jimmy Herget,jimmy herget,623474.0,108,Los Angeles Angels,2022-04-29,1.0,1.0,5.0,1.0,7
2022,Kyle Nelson,kyle nelson,669459.0,109,Arizona Diamondbacks,2022-06-12,1.0,1.0,13.0,1.0,7
2022,Andrew Wantz,andrew wantz,681806.0,108,Los Angeles Angels,2022-06-26,1.0,1.0,2.0,1.0,7
2022,Jeff Hoffman,jeff hoffman,656546.0,113,Cincinnati Reds,2022-07-07,1.0,1.0,5.0,1.0,7
2022,Erik Swanson,erik swanson,657024.0,136,Seattle Mariners,2022-07-13,1.0,1.0,2.0,1.0,7
2022,Luis Diaz,luis diaz,680192.0,109,Arizona Diamondbacks,2022-09-21,1.0,1.0,6.0,1.0,7
2022,David Phelps,david phelps,475479.0,141,Toronto Blue Jays,2022-10-05,1.0,1.0,5.0,1.0,7
2022,Gabe Speier,gabe speier,642100.0,118,Kansas City Royals,2022-05-11,1.0,2.0,8.0,1.0,7
2022,Wil Crowe,wil crowe,640444.0,134,Pittsburgh Pirates,2022-05-18,1.0,2.0,3.0,1.0,7
2022,Denyi Reyes,denyi reyes,660593.0,110,Baltimore Orioles,2022-05-28,1.0,2.0,4.0,1.0,7
2022,Brett Martin,brett martin,656685.0,140,Texas Rangers,2022-06-25,1.0,2.0,3.0,1.0,7
2022,Chris Stratton,chris stratton,608717.0,134,Pittsburgh Pirates,2022-07-12,1.0,2.0,3.0,1.0,7
2022,Reiss Knehr,reiss knehr,663753.0,135,San Diego Padres,2022-08-02,1.0,2.0,3.0,1.0,7
2022,Jaime Barria,jaime barria,642545.0,108,Los Angeles Angels,2022-08-06,0.0,2.0,1.0,1.0,7
2022,Jonathan Diaz,jonathan diaz,677985.0,111,Boston Red Sox,2022-09-04,1.0,2.0,5.0,1.0,7
2022,Brusdar Graterol,brusdar graterol,660813.0,119,Los Angeles Dodgers,2022-09-29,1.0,2.0,5.0,1.0,7
2022,Scott Effross,scott effross,664123.0,112,Chicago Cubs,2022-05-03,0.0,3.0,1.0,1.0,7
2022,Ty Blach,ty blach,621389.0,115,Colorado Rockies,2022-05-21,1.0,3.0,11.0,1.0,7
2022,Reynaldo López,reynaldo lópez,625643.0,145,Chicago White Sox,2022-06-10,1.0,3.0,8.0,1.0,7
2022,Penn Murfee,penn murfee,682171.0,136,Seattle Mariners,2022-06-18,0.0,3.0,0.0,1.0,7
2022,Miguel Yajure,miguel yajure,664337.0,134,Pittsburgh Pirates,2022-06-27,0.0,3.0,2.0,1.0,7
2022,Jake Woodford,jake woodford,663765.0,138,St. Louis Cardinals,2022-08-23,1.0,3.0,13.0,1.0,7
2022,Joe Kelly,joe kelly,523260.0,145,Chicago White Sox,2022-09-02,1.0,3.0,4.0,1.0,7
2022,Cooper Criswell,cooper criswell,681867.0,139,Tampa Bay Rays,2022-09-12,0.0,3.0,2.0,1.0,7
2022,Eli Morgan,eli morgan,669212.0,114,Cleveland Guardians,2022-04-22,0.0,4.0,1.0,1.0,7
2022,Andrew Bellatti,andrew bellatti,571479.0,143,Philadelphia Phillies,2022-07-12,0.0,4.0,3.0,1.0,7
2022,Nick Neidert,nick neidert,663734.0,146,Miami Marlins,2022-07-30,0.0,4.0,0.0,1.0,7
2022,Caleb Ferguson,caleb ferguson,657571.0,119,Los Angeles Dodgers,2022-09-04,1.0,4.0,9.0,1.0,7
2022,Alex Young,alex young,622065.0,137,San Francisco Giants,2022-09-08,0.0,4.0,2.0,1.0,7
2022,Julian Merryweather,julian merryweather,657240.0,141,Toronto Blue Jays,2022-09-13,0.0,4.0,2.0,1.0,7
2022,Evan Lee,evan lee,681885.0,120,Washington Nationals,2022-06-01,0.0,5.0,0.0,1.0,7
2022,Zack Thompson,zack thompson,668868.0,138,St. Louis Cardinals,2022-06-13,1.0,5.0,7.0,1.0,7
2022,Ryan Weathers,ryan weathers,677960.0,135,San Diego Padres,2022-06-15,1.0,5.0,19.0,1.0,7
2022,Robert Dugger,robert dugger,667498.0,113,Cincinnati Reds,2022-08-05,0.0,5.0,1.0,1.0,7
2022,Jimmy Yacabonis,jimmy yacabonis,642231.0,139,Tampa Bay Rays,2022-08-09,0.0,5.0,3.0,1.0,7
2022,Dennis Santana,dennis santana,642701.0,140,Texas Rangers,2022-09-03,0.0,5.0,3.0,1.0,7
2022,Cody Freeman,cody freeman,683227.0,140,Texas Rangers,2022-09-04,0.0,5.0,2.0,1.0,7
2022,Duane Underwood Jr.,duane underwood jr.,621249.0,134,Pittsburgh Pirates,2022-09-07,0.0,5.0,1.0,1.0,7
2022,Austin Pruitt,austin pruitt,643493.0,133,Oakland Athletics,2022-09-09,0.0,5.0,3.0,1.0,7
2022,Sebastian Castro,sebastian castro,699315.0,121,New York Mets,2022-09-20,1.0,5.0,7.0,1.0,7
2022,Agustin Acosta,agustin acosta,802528.0,119,Los Angeles Dodgers,2022-09-20,0.0,5.0,2.0,1.0,7
2022,Logan Salow,logan salow,676601.0,119,Los Angeles Dodgers,2022-09-20,1.0,5.0,6.0,1.0,7
2022,Steven Wilson,steven wilson,621051.0,135,San Diego Padres,2022-09-29,0.0,5.0,2.0,1.0,7
2022,Simeon Woods Richardson,simeon woods richardson,680573.0,142,Minnesota Twins,2022-10-02,0.0,5.0,2.0,1.0,7
2022,Jesse Chavez,jesse chavez,445926.0,144,Atlanta Braves,2022-05-06,0.0,6.0,3.0,1.0,7
2022,nan,nan,,141,Toronto Blue Jays,2022-07-10,0.0,6.0,5.0,1.0,7
2022,Josh Sborz,josh sborz,622250.0,140,Texas Rangers,2022-08-12,0.0,6.0,2.0,1.0,7
2022,A.J. Vukovich,a.j. vukovich,691021.0,109,Arizona Diamondbacks,2022-09-20,0.0,6.0,5.0,1.0,7
2022,Justus Sheffield,justus sheffield,656954.0,136,Seattle Mariners,2022-10-04,1.0,6.0,9.0,1.0,7
2022,Mauricio Llovera,mauricio llovera,661440.0,137,San Francisco Giants,2022-05-05,0.0,7.0,1.0,1.0,7
2022,Luis Gil,luis gil,661563.0,147,New York Yankees,2022-05-12,1.0,7.0,15.0,1.0,7
2022,Stephen Strasburg,stephen strasburg,544931.0,120,Washington Nationals,2022-06-09,0.0,7.0,4.0,1.0,7
2022,Sean Newcomb,sean newcomb,656794.0,112,Chicago Cubs,2022-08-04,0.0,7.0,2.0,1.0,7
2022,Bryan Hoeing,bryan hoeing,663773.0,146,Miami Marlins,2022-08-20,0.0,7.0,0.0,1.0,7
2022,Cade Cavalli,cade cavalli,676917.0,120,Washington Nationals,2022-08-26,0.0,7.0,3.0,1.0,7
2022,Daniel Mengden,daniel mengden,596043.0,118,Kansas City Royals,2022-09-01,0.0,7.0,1.0,1.0,7
2022,Yonny Chirinos,yonny chirinos,630023.0,139,Tampa Bay Rays,2022-09-13,0.0,7.0,2.0,1.0,7
2022,Abraham Toro,abraham toro,647351.0,158,Milwaukee Brewers,2022-09-20,0.0,7.0,5.0,1.0,7
2022,Dauri Moreta,dauri moreta,664294.0,113,Cincinnati Reds,2022-05-07,0.0,8.0,5.0,1.0,7
2022,Anthony Banda,anthony banda,607455.0,141,Toronto Blue Jays,2022-07-07,0.0,8.0,3.0,1.0,7
2022,DL Hall,dl hall,669084.0,110,Baltimore Orioles,2022-08-13,0.0,8.0,2.0,1.0,7
2022,Keegan Akin,keegan akin,669211.0,110,Baltimore Orioles,2022-09-05,0.0,8.0,4.0,1.0,7
2022,Craig Stammen,craig stammen,489334.0,135,San Diego Padres,2022-10-05,0.0,8.0,1.0,1.0,7
2022,Thomas Szapucki,thomas szapucki,663378.0,121,New York Mets,2022-05-25,0.0,9.0,3.0,1.0,7
2022,José Buttó,josé buttó,676130.0,121,New York Mets,2022-08-21,1.0,9.0,10.0,1.0,7
2022,Will Vest,will vest,676684.0,116,Detroit Tigers,2022-10-04,0.0,9.0,6.0,1.0,7
2022,Caleb Smith,caleb smith,592761.0,109,Arizona Diamondbacks,2022-04-10,0.0,10.0,5.0,1.0,7
2022,Luke Weaver,luke weaver,596133.0,109,Arizona Diamondbacks,2022-06-18,0.0,11.0,1.0,1.0,7
2022,Thomas Hatch,thomas hatch,641672.0,141,Toronto Blue Jays,2022-07-02,0.0,11.0,5.0,1.0,7
2022,Jackson Stephens,jackson stephens,623451.0,144,Atlanta Braves,2022-10-05,0.0,12.0,9.0,1.0,7
2022,Jerad Eickhoff,jerad eickhoff,595191.0,134,Pittsburgh Pirates,2022-06-22,0.0,14.0,5.0,1.0,7
2022,Richard Bleier,richard bleier,542947.0,146,Miami Marlins,2022-06-03,0.0,15.0,6.0,1.0,7
2021,Max Scherzer,max scherzer,453286.0,119,Los Angeles Dodgers,2021-10-17,0.696969696969697,3.090909090909091,4.7272727272727275,30.0,7
2021,Adam Wainwright,adam wainwright,425794.0,138,St. Louis Cardinals,2021-10-06,0.6666666666666666,3.121212121212121,4.545454545454546,30.0,7
2021,Lance McCullers Jr.,lance mccullers jr.,621121.0,117,Houston Astros,2021-10-12,0.6333333333333333,3.2,5.233333333333333,30.0,7
2021,Lance Lynn,lance lynn,458681.0,145,Chicago White Sox,2021-10-07,0.5333333333333333,3.3,3.8666666666666667,30.0,7
2021,Zack Wheeler,zack wheeler,554430.0,143,Philadelphia Phillies,2021-09-28,0.59375,3.3125,3.90625,30.0,7
2021,Walker Buehler,walker buehler,621111.0,119,Los Angeles Dodgers,2021-10-23,0.6486486486486487,3.4324324324324325,5.27027027027027,30.0,7
2021,Julio Urías,julio urías,628711.0,119,Los Angeles Dodgers,2021-10-20,0.7941176470588235,3.4705882352941178,6.0,30.0,7
2021,Sandy Alcantara,sandy alcantara,645261.0,146,Miami Marlins,2021-10-01,0.42424242424242425,3.484848484848485,3.090909090909091,30.0,7
2021,Marcus Stroman,marcus stroman,573186.0,121,New York Mets,2021-09-28,0.46875,3.5625,3.53125,30.0,7
2021,Robbie Ray,robbie ray,592662.0,141,Toronto Blue Jays,2021-09-30,0.53125,3.5625,4.65625,30.0,7
2021,Max Fried,max fried,608331.0,144,Atlanta Braves,2021-11-02,0.6363636363636364,3.696969696969697,5.090909090909091,30.0,7
2021,Joe Musgrove,joe musgrove,605397.0,135,San Diego Padres,2021-10-02,0.5483870967741935,3.7096774193548385,4.096774193548387,30.0,7
2021,Anthony DeSclafani,anthony desclafani,543101.0,137,San Francisco Giants,2021-10-12,0.65625,3.71875,4.59375,30.0,7
2021,Brandon Woodruff,brandon woodruff,605540.0,158,Milwaukee Brewers,2021-10-09,0.5161290322580645,3.7419354838709675,3.6774193548387095,30.0,7
2021,Rich Hill,rich hill,448179.0,121,New York Mets,2021-09-30,0.5161290322580645,3.806451612903226,4.838709677419355,30.0,7
2021,Kevin Gausman,kevin gausman,592332.0,137,San Francisco Giants,2021-10-09,0.6176470588235294,3.823529411764706,5.235294117647059,30.0,7
2021,Taijuan Walker,taijuan walker,592836.0,121,New York Mets,2021-09-29,0.5483870967741935,3.838709677419355,4.903225806451613,30.0,7
2021,Charlie Morton,charlie morton,450203.0,144,Atlanta Braves,2021-10-26,0.5135135135135135,3.864864864864865,4.54054054054054,30.0,7
2021,Chris Flexen,chris flexen,623167.0,136,Seattle Mariners,2021-10-02,0.7096774193548387,3.870967741935484,5.225806451612903,30.0,7
2021,Jordan Montgomery,jordan montgomery,656756.0,147,New York Yankees,2021-10-02,0.5666666666666667,3.9,3.933333333333333,30.0,7
2021,Casey Mize,casey mize,663554.0,116,Detroit Tigers,2021-09-29,0.5,4.033333333333333,3.9,30.0,7
2021,José Berríos,josé berríos,621244.0,141,Toronto Blue Jays,2021-09-29,0.53125,4.0625,4.34375,30.0,7
2021,Luis Garcia,luis garcia,677651.0,117,Houston Astros,2021-11-02,0.5151515151515151,4.090909090909091,4.696969696969697,30.0,7
2021,Gerrit Cole,gerrit cole,543037.0,147,New York Yankees,2021-10-05,0.5161290322580645,4.096774193548387,3.838709677419355,30.0,7
2021,Dylan Cease,dylan cease,656302.0,145,Chicago White Sox,2021-10-10,0.5757575757575758,4.181818181818182,5.878787878787879,30.0,7
2021,Frankie Montas,frankie montas,593423.0,133,Oakland Athletics,2021-09-29,0.53125,4.1875,4.4375,30.0,7
2021,Hyun Jin Ryu,hyun jin ryu,547943.0,141,Toronto Blue Jays,2021-10-03,0.6129032258064516,4.193548387096774,5.967741935483871,30.0,7
2021,Nathan Eovaldi,nathan eovaldi,543135.0,111,Boston Red Sox,2021-10-22,0.6111111111111112,4.25,5.388888888888889,30.0,7
2021,Lucas Giolito,lucas giolito,608337.0,145,Chicago White Sox,2021-10-08,0.53125,4.28125,4.75,30.0,7
2021,Sean Manaea,sean manaea,640455.0,133,Oakland Athletics,2021-10-01,0.59375,4.28125,4.5625,30.0,7
2021,Yu Darvish,yu darvish,506433.0,135,San Diego Padres,2021-09-28,0.5666666666666667,4.3,4.366666666666666,30.0,7
2021,Nick Pivetta,nick pivetta,601713.0,111,Boston Red Sox,2021-10-19,0.5161290322580645,4.32258064516129,4.806451612903226,30.0,7
2021,Germán Márquez,germán márquez,608566.0,115,Colorado Rockies,2021-09-27,0.625,4.40625,5.46875,30.0,7
2021,Kyle Gibson,kyle gibson,502043.0,143,Philadelphia Phillies,2021-09-30,0.4838709677419355,4.419354838709677,4.419354838709677,30.0,7
2021,Zack Greinke,zack greinke,425844.0,117,Houston Astros,2021-10-30,0.5806451612903226,4.451612903225806,4.903225806451613,30.0,7
2021,Cole Irvin,cole irvin,608344.0,133,Oakland Athletics,2021-10-03,0.42424242424242425,4.454545454545454,4.333333333333333,30.0,7
2021,Tyler Anderson,tyler anderson,542881.0,136,Seattle Mariners,2021-10-03,0.5161290322580645,4.645161290322581,3.4838709677419355,30.0,7
2021,Tyler Mahle,tyler mahle,641816.0,113,Cincinnati Reds,2021-10-02,0.6060606060606061,4.7272727272727275,5.0606060606060606,30.0,7
2021,Eduardo Rodriguez,eduardo rodriguez,593958.0,111,Boston Red Sox,2021-10-18,0.6176470588235294,4.735294117647059,5.0,30.0,7
2021,Jordan Lyles,jordan lyles,543475.0,140,Texas Rangers,2021-10-02,0.43333333333333335,4.966666666666667,4.366666666666666,30.0,7
2021,Aaron Nola,aaron nola,605400.0,143,Philadelphia Phillies,2021-09-29,0.46875,5.09375,4.9375,30.0,7
2021,Dallas Keuchel,dallas keuchel,572971.0,145,Chicago White Sox,2021-09-27,0.5,5.233333333333333,5.8,30.0,7
2021,Luis Castillo,luis castillo,622491.0,113,Cincinnati Reds,2021-10-01,0.3235294117647059,5.235294117647059,3.7941176470588234,30.0,7
2021,Kyle Hendricks,kyle hendricks,543294.0,112,Chicago Cubs,2021-09-29,0.5625,5.3125,4.96875,30.0,7
2021,Patrick Corbin,patrick corbin,571578.0,120,Washington Nationals,2021-09-28,0.40625,5.375,4.53125,30.0,7
2021,Zach Davies,zach davies,605200.0,112,Chicago Cubs,2021-09-24,0.4375,5.46875,4.3125,30.0,7
2021,J.A. Happ,j.a. happ,457918.0,138,St. Louis Cardinals,2021-09-30,0.5333333333333333,5.766666666666667,5.0,30.0,7
2021,Corbin Burnes,corbin burnes,669203.0,158,Milwaukee Brewers,2021-10-08,0.6896551724137931,2.793103448275862,4.137931034482759,29.0,7
2021,Steven Matz,steven matz,571927.0,141,Toronto Blue Jays,2021-10-01,0.5172413793103449,4.241379310344827,5.724137931034483,29.0,7
2021,Jameson Taillon,jameson taillon,592791.0,147,New York Yankees,2021-10-03,0.5862068965517241,4.655172413793103,5.310344827586207,29.0,7
2021,Tarik Skubal,tarik skubal,669373.0,116,Detroit Tigers,2021-09-30,0.4827586206896552,4.689655172413793,4.241379310344827,29.0,7
2021,Jon Gray,jon gray,592351.0,115,Colorado Rockies,2021-10-01,0.3793103448275862,4.758620689655173,3.9655172413793105,29.0,7
2021,Yusei Kikuchi,yusei kikuchi,579328.0,136,Seattle Mariners,2021-09-23,0.4827586206896552,4.931034482758621,4.0344827586206895,29.0,7
2021,Logan Webb,logan webb,657277.0,137,San Francisco Giants,2021-10-14,0.7857142857142857,3.0,5.142857142857143,28.0,7
2021,Freddy Peralta,freddy peralta,642547.0,158,Milwaukee Brewers,2021-10-11,0.6428571428571429,3.3214285714285716,4.857142857142857,28.0,7
2021,Blake Snell,blake snell,605483.0,135,San Diego Padres,2021-09-12,0.4642857142857143,3.642857142857143,4.035714285714286,28.0,7
2021,Ian Anderson,ian anderson,666120.0,144,Atlanta Braves,2021-10-29,0.6071428571428571,3.8214285714285716,5.0,28.0,7
2021,Wade Miley,wade miley,489119.0,113,Cincinnati Reds,2021-09-19,0.6071428571428571,3.9642857142857144,6.107142857142857,28.0,7
2021,Jon Lester,jon lester,452657.0,138,St. Louis Cardinals,2021-10-02,0.5357142857142857,4.607142857142857,5.428571428571429,28.0,7
2021,Mike Minor,mike minor,501985.0,118,Kansas City Royals,2021-09-08,0.35714285714285715,5.035714285714286,4.214285714285714,28.0,7
2021,Antonio Senzatela,antonio senzatela,622608.0,115,Colorado Rockies,2021-10-02,0.39285714285714285,5.214285714285714,3.892857142857143,28.0,7
2021,Matt Harvey,matt harvey,518774.0,110,Baltimore Orioles,2021-09-08,0.39285714285714285,5.892857142857143,4.035714285714286,28.0,7
2021,Alex Wood,alex wood,622072.0,137,San Francisco Giants,2021-10-11,0.7407407407407407,3.5555555555555554,4.666666666666667,27.0,7
2021,Chris Bassitt,chris bassitt,605135.0,133,Oakland Athletics,2021-09-28,0.6296296296296297,3.7777777777777777,4.851851851851852,27.0,7
2021,Framber Valdez,framber valdez,664285.0,117,Houston Astros,2021-10-31,0.6296296296296297,4.037037037037037,5.592592592592593,27.0,7
2021,Brady Singer,brady singer,663903.0,118,Kansas City Royals,2021-09-28,0.37037037037037035,4.777777777777778,3.7777777777777777,27.0,7
2021,Merrill Kelly,merrill kelly,518876.0,109,Arizona Diamondbacks,2021-09-29,0.37037037037037035,4.925925925925926,4.444444444444445,27.0,7
2021,Erick Fedde,erick fedde,607200.0,120,Washington Nationals,2021-09-25,0.4444444444444444,5.62962962962963,5.185185185185185,27.0,7
2021,Shane McClanahan,shane mcclanahan,663556.0,139,Tampa Bay Rays,2021-10-07,0.6153846153846154,3.230769230769231,5.3076923076923075,26.0,7
2021,Adrian Houser,adrian houser,605288.0,158,Milwaukee Brewers,2021-09-29,0.6923076923076923,4.230769230769231,5.615384615384615,26.0,7
2021,Sonny Gray,sonny gray,543243.0,113,Cincinnati Reds,2021-09-29,0.5,4.3076923076923075,3.6923076923076925,26.0,7
2021,Madison Bumgarner,madison bumgarner,518516.0,109,Arizona Diamondbacks,2021-09-30,0.38461538461538464,4.346153846153846,4.3076923076923075,26.0,7
2021,John Means,john means,607644.0,110,Baltimore Orioles,2021-10-02,0.3076923076923077,4.730769230769231,3.230769230769231,26.0,7
2021,Brad Keller,brad keller,641745.0,118,Kansas City Royals,2021-08-26,0.4230769230769231,5.5,4.269230769230769,26.0,7
2021,Carlos Rodón,carlos rodón,607074.0,145,Chicago White Sox,2021-10-12,0.64,3.24,4.12,25.0,7
2021,Trevor Rogers,trevor rogers,669432.0,146,Miami Marlins,2021-09-28,0.44,3.56,3.92,25.0,7
2021,Marco Gonzales,marco gonzales,594835.0,136,Seattle Mariners,2021-10-01,0.6,3.96,4.04,25.0,7
2021,Logan Gilbert,logan gilbert,669302.0,136,Seattle Mariners,2021-09-29,0.68,4.32,4.64,25.0,7
2021,Zach Plesac,zach plesac,668676.0,114,Cleveland Indians,2021-09-29,0.56,4.72,4.68,25.0,7
2021,Dane Dunning,dane dunning,641540.0,140,Texas Rangers,2021-10-03,0.36,4.72,4.28,25.0,7
2021,Wil Crowe,wil crowe,640444.0,134,Pittsburgh Pirates,2021-10-01,0.48,4.72,4.44,25.0,7
2021,Jorge López,jorge lópez,605347.0,110,Baltimore Orioles,2021-08-19,0.32,5.68,4.08,25.0,7
2021,Triston McKenzie,triston mckenzie,663474.0,114,Cleveland Indians,2021-10-02,0.4166666666666667,4.291666666666667,3.5416666666666665,24.0,7
2021,Brett Anderson,brett anderson,474463.0,158,Milwaukee Brewers,2021-10-03,0.4166666666666667,4.708333333333333,3.625,24.0,7
2021,JT Brubaker,jt brubaker,664141.0,134,Pittsburgh Pirates,2021-09-04,0.25,4.875,3.2083333333333335,24.0,7
2021,Mike Foltynewicz,mike foltynewicz,592314.0,140,Texas Rangers,2021-08-18,0.2916666666666667,5.041666666666667,3.2083333333333335,24.0,7
2021,Zac Gallen,zac gallen,668678.0,109,Arizona Diamondbacks,2021-10-02,0.2916666666666667,5.791666666666667,4.083333333333333,24.0,7
2021,Jake Arrieta,jake arrieta,453562.0,135,San Diego Padres,2021-09-19,0.25,6.125,3.5,24.0,7
2021,Jake Odorizzi,jake odorizzi,543606.0,117,Houston Astros,2021-10-02,0.5217391304347826,4.173913043478261,6.043478260869565,23.0,7
2021,Shohei Ohtani,shohei ohtani,660271.0,108,Los Angeles Angels,2021-09-26,0.5652173913043478,4.217391304347826,4.217391304347826,23.0,7
2021,Kyle Freeland,kyle freeland,607536.0,115,Colorado Rockies,2021-09-28,0.5217391304347826,4.304347826086956,4.304347826086956,23.0,7
2021,Austin Gomber,austin gomber,596295.0,115,Colorado Rockies,2021-08-31,0.4782608695652174,4.478260869565218,4.434782608695652,23.0,7
2021,Drew Smyly,drew smyly,592767.0,144,Atlanta Braves,2021-08-30,0.6086956521739131,4.565217391304348,5.260869565217392,23.0,7
2021,Michael Wacha,michael wacha,608379.0,139,Tampa Bay Rays,2021-10-03,0.5217391304347826,4.782608695652174,4.3478260869565215,23.0,7
2021,Andrew Heaney,andrew heaney,571760.0,147,New York Yankees,2021-08-24,0.4782608695652174,5.434782608695652,5.3478260869565215,23.0,7
2021,Mitch Keller,mitch keller,656605.0,134,Pittsburgh Pirates,2021-10-03,0.43478260869565216,5.478260869565218,4.130434782608695,23.0,7
2021,Vince Velasquez,vince velasquez,592826.0,135,San Diego Padres,2021-09-30,0.391304347826087,6.6521739130434785,4.478260869565218,23.0,7
2021,Clayton Kershaw,clayton kershaw,477132.0,119,Los Angeles Dodgers,2021-10-01,0.6363636363636364,3.772727272727273,5.363636363636363,22.0,7
2021,Chris Paddack,chris paddack,663978.0,135,San Diego Padres,2021-09-11,0.6363636363636364,4.363636363636363,6.636363636363637,22.0,7
2021,José Urquidy,josé urquidy,664353.0,117,Houston Astros,2021-10-27,0.6818181818181818,4.409090909090909,6.409090909090909,22.0,7
2021,Vladimir Gutierrez,vladimir gutierrez,661269.0,113,Cincinnati Reds,2021-09-25,0.5454545454545454,4.545454545454546,5.545454545454546,22.0,7
2021,Cal Quantrill,cal quantrill,615698.0,114,Cleveland Indians,2021-09-27,0.45454545454545453,4.545454545454546,4.909090909090909,22.0,7
2021,Martín Pérez,martín pérez,527048.0,111,Boston Red Sox,2021-08-05,0.5454545454545454,5.045454545454546,4.2727272727272725,22.0,7
2021,Garrett Richards,garrett richards,572070.0,111,Boston Red Sox,2021-08-08,0.5,5.136363636363637,5.136363636363637,22.0,7
2021,Kwang Hyun Kim,kwang hyun kim,547942.0,138,St. Louis Cardinals,2021-09-04,0.5714285714285714,3.4285714285714284,3.7142857142857144,21.0,7
2021,James Kaprielian,james kaprielian,621076.0,133,Oakland Athletics,2021-09-18,0.5238095238095238,3.6666666666666665,4.9523809523809526,21.0,7
2021,Johnny Cueto,johnny cueto,456501.0,137,San Francisco Giants,2021-08-31,0.5238095238095238,3.7142857142857144,4.190476190476191,21.0,7
2021,Aaron Civale,aaron civale,650644.0,114,Cleveland Indians,2021-10-03,0.6666666666666666,3.857142857142857,5.476190476190476,21.0,7
2021,Eric Lauer,eric lauer,641778.0,158,Milwaukee Brewers,2021-10-12,0.47619047619047616,3.9047619047619047,4.809523809523809,21.0,7
2021,John Gant,john gant,607231.0,142,Minnesota Twins,2021-10-01,0.3333333333333333,4.476190476190476,3.0,21.0,7
2021,Michael Pineda,michael pineda,501381.0,142,Minnesota Twins,2021-09-29,0.47619047619047616,4.666666666666667,4.476190476190476,21.0,7
2021,Adbert Alzolay,adbert alzolay,640470.0,112,Chicago Cubs,2021-08-13,0.2857142857142857,4.666666666666667,3.3333333333333335,21.0,7
2021,Kenta Maeda,kenta maeda,628317.0,142,Minnesota Twins,2021-08-21,0.38095238095238093,5.0,5.0,21.0,7
2021,Ryan Yarbrough,ryan yarbrough,642232.0,139,Tampa Bay Rays,2021-09-18,0.6190476190476191,5.333333333333333,6.0,21.0,7
2021,Alek Manoah,alek manoah,666201.0,141,Toronto Blue Jays,2021-10-02,0.8,3.5,6.15,20.0,7
2021,Pablo López,pablo lópez,641154.0,146,Miami Marlins,2021-10-03,0.55,3.55,4.45,20.0,7
2021,Alec Mills,alec mills,621219.0,112,Chicago Cubs,2021-10-03,0.4,4.35,3.6,20.0,7
2021,Kris Bubic,kris bubic,663460.0,118,Kansas City Royals,2021-10-02,0.7,4.45,3.9,20.0,7
2021,Joe Ross,joe ross,605452.0,120,Washington Nationals,2021-08-05,0.35,4.5,3.7,20.0,7
2021,Bailey Ober,bailey ober,641927.0,142,Minnesota Twins,2021-09-24,0.6,4.5,4.6,20.0,7
2021,Paolo Espino,paolo espino,502179.0,120,Washington Nationals,2021-09-29,0.3,5.4,4.55,20.0,7
2021,Ross Stripling,ross stripling,548389.0,141,Toronto Blue Jays,2021-08-10,0.5263157894736842,4.2105263157894735,4.368421052631579,19.0,7
2021,Dylan Bundy,dylan bundy,605164.0,108,Los Angeles Angels,2021-08-24,0.42105263157894735,5.105263157894737,4.421052631578948,19.0,7
2021,Domingo Germán,domingo germán,593334.0,147,New York Yankees,2021-07-31,0.5555555555555556,3.7222222222222223,4.222222222222222,18.0,7
2021,Tylor Megill,tylor megill,656731.0,121,New York Mets,2021-10-01,0.5555555555555556,4.277777777777778,4.388888888888889,18.0,7
2021,Zach Eflin,zach eflin,621107.0,143,Philadelphia Phillies,2021-07-16,0.3888888888888889,4.5,4.111111111111111,18.0,7
2021,Wily Peralta,wily peralta,503449.0,116,Detroit Tigers,2021-10-01,0.5,4.5,4.722222222222222,18.0,7
2021,Alex Cobb,alex cobb,502171.0,108,Los Angeles Angels,2021-09-30,0.6666666666666666,4.611111111111111,5.944444444444445,18.0,7
2021,Eli Morgan,eli morgan,669212.0,114,Cleveland Indians,2021-10-01,0.5,5.166666666666667,4.888888888888889,18.0,7
2021,Jesús Luzardo,jesús luzardo,666200.0,146,Miami Marlins,2021-10-02,0.5555555555555556,5.222222222222222,4.777777777777778,18.0,7
2021,Matt Manning,matt manning,666159.0,116,Detroit Tigers,2021-10-02,0.4444444444444444,5.222222222222222,4.666666666666667,18.0,7
2021,Ryan Weathers,ryan weathers,677960.0,135,San Diego Padres,2021-09-29,0.3333333333333333,5.722222222222222,4.888888888888889,18.0,7
2021,José Ureña,josé ureña,570632.0,116,Detroit Tigers,2021-08-28,0.3888888888888889,5.833333333333333,3.5555555555555554,18.0,7
2021,Chi Chi González,chi chi gonzález,592346.0,115,Colorado Rockies,2021-09-07,0.3333333333333333,6.611111111111111,5.333333333333333,18.0,7
2021,Trevor Bauer,trevor bauer,545333.0,119,Los Angeles Dodgers,2021-06-28,0.47058823529411764,3.5294117647058822,3.823529411764706,17.0,7
2021,Huascar Ynoa,huascar ynoa,660623.0,144,Atlanta Braves,2021-10-01,0.5294117647058824,4.294117647058823,4.9411764705882355,17.0,7
2021,Kolby Allard,kolby allard,663465.0,140,Texas Rangers,2021-09-04,0.17647058823529413,4.647058823529412,2.823529411764706,17.0,7
2021,Bryse Wilson,bryse wilson,669060.0,134,Pittsburgh Pirates,2021-09-18,0.29411764705882354,4.705882352941177,4.235294117647059,17.0,7
2021,Keegan Akin,keegan akin,669211.0,110,Baltimore Orioles,2021-09-22,0.23529411764705882,6.176470588235294,3.823529411764706,17.0,7
2021,Shane Bieber,shane bieber,669456.0,114,Cleveland Indians,2021-09-30,0.6875,2.5625,4.0,16.0,7
2021,Corey Kluber,corey kluber,446372.0,147,New York Yankees,2021-09-30,0.625,4.0,4.875,16.0,7
2021,Zach Thompson,zach thompson,605507.0,146,Miami Marlins,2021-09-28,0.1875,4.6875,2.5625,16.0,7
2021,Carlos Martinez,carlos martinez,593372.0,138,St. Louis Cardinals,2021-07-04,0.3125,6.5625,2.8125,16.0,7
2021,Jacob deGrom,jacob degrom,594798.0,121,New York Mets,2021-07-07,0.7333333333333333,2.2666666666666666,3.6,15.0,7
2021,Tyler Alexander,tyler alexander,641302.0,116,Detroit Tigers,2021-10-03,0.7333333333333333,3.533333333333333,5.533333333333333,15.0,7
2021,Jack Flaherty,jack flaherty,656427.0,138,St. Louis Cardinals,2021-09-24,0.7333333333333333,3.8,7.2,15.0,7
2021,Luis Patiño,luis patiño,672715.0,139,Tampa Bay Rays,2021-09-22,0.5333333333333333,4.133333333333334,5.866666666666666,15.0,7
2021,Trevor Williams,trevor williams,592866.0,121,New York Mets,2021-09-06,0.6666666666666666,4.333333333333333,5.2,15.0,7
2021,Daniel Lynch IV,daniel lynch iv,663738.0,118,Kansas City Royals,2021-09-29,0.5333333333333333,4.533333333333333,4.733333333333333,15.0,7
2021,Matthew Boyd,matthew boyd,571510.0,116,Detroit Tigers,2021-09-04,0.4,4.6,4.133333333333334,15.0,7
2021,Justus Sheffield,justus sheffield,656954.0,136,Seattle Mariners,2021-07-06,0.4666666666666667,5.266666666666667,3.4,15.0,7
2021,Spencer Howard,spencer howard,675921.0,140,Texas Rangers,2021-10-01,0.4,5.4,3.7333333333333334,15.0,7
2021,David Peterson,david peterson,656849.0,121,New York Mets,2021-06-30,0.4,6.0,3.7333333333333334,15.0,7
2021,Tyler Glasnow,tyler glasnow,607192.0,139,Tampa Bay Rays,2021-06-14,0.7142857142857143,2.9285714285714284,3.7857142857142856,14.0,7
2021,Nestor Cortes,nestor cortes,641482.0,147,New York Yankees,2021-10-01,0.7142857142857143,3.142857142857143,4.357142857142857,14.0,7
2021,José Suarez,josé suarez,660761.0,108,Los Angeles Angels,2021-10-01,0.42857142857142855,3.642857142857143,3.7142857142857144,14.0,7
2021,Patrick Sandoval,patrick sandoval,663776.0,108,Los Angeles Angels,2021-08-13,0.5,4.142857142857143,3.9285714285714284,14.0,7
2021,Chad Kuhl,chad kuhl,641771.0,134,Pittsburgh Pirates,2021-07-29,0.5714285714285714,5.428571428571429,4.571428571428571,14.0,7
2021,Tony Gonsolin,tony gonsolin,664062.0,119,Los Angeles Dodgers,2021-09-30,0.6923076923076923,3.230769230769231,4.384615384615385,13.0,7
2021,Tanner Houck,tanner houck,656557.0,111,Boston Red Sox,2021-10-02,0.5384615384615384,4.3076923076923075,4.3076923076923075,13.0,7
2021,Matt Moore,matt moore,519043.0,143,Philadelphia Phillies,2021-08-31,0.6923076923076923,4.384615384615385,6.3076923076923075,13.0,7
2021,Taylor Widener,taylor widener,642203.0,109,Arizona Diamondbacks,2021-08-27,0.46153846153846156,5.076923076923077,5.538461538461538,13.0,7
2021,Luke Weaver,luke weaver,596133.0,109,Arizona Diamondbacks,2021-09-28,0.38461538461538464,5.076923076923077,4.230769230769231,13.0,7
2021,Griffin Jax,griffin jax,643377.0,142,Minnesota Twins,2021-10-02,0.5384615384615384,5.153846153846154,4.384615384615385,13.0,7
2021,Bruce Zimmermann,bruce zimmermann,669145.0,110,Baltimore Orioles,2021-10-03,0.3076923076923077,5.461538461538462,4.461538461538462,13.0,7
2021,Johan Oviedo,johan oviedo,670912.0,138,St. Louis Cardinals,2021-07-25,0.3076923076923077,5.538461538461538,4.3076923076923075,13.0,7
2021,Carlos Carrasco,carlos carrasco,471911.0,121,New York Mets,2021-10-02,0.46153846153846156,5.769230769230769,4.846153846153846,13.0,7
2021,Josiah Gray,josiah gray,680686.0,120,Washington Nationals,2021-10-02,0.38461538461538464,5.923076923076923,4.923076923076923,13.0,7
2021,Griffin Canning,griffin canning,656288.0,108,Los Angeles Angels,2021-07-02,0.46153846153846156,6.0,5.153846153846154,13.0,7
2021,Caleb Smith,caleb smith,592761.0,109,Arizona Diamondbacks,2021-08-06,0.23076923076923078,6.384615384615385,2.5384615384615383,13.0,7
2021,Dean Kremer,dean kremer,665152.0,110,Baltimore Orioles,2021-09-11,0.23076923076923078,6.461538461538462,4.0,13.0,7
2021,Ranger Suarez,ranger suarez,624133.0,143,Philadelphia Phillies,2021-10-01,0.5833333333333334,2.8333333333333335,3.5833333333333335,12.0,7
2021,Danny Duffy,danny duffy,518633.0,118,Kansas City Royals,2021-07-16,0.5,3.4166666666666665,4.416666666666667,12.0,7
2021,Chris Sale,chris sale,519242.0,111,Boston Red Sox,2021-10-20,0.6666666666666666,4.333333333333333,7.833333333333333,12.0,7
2021,Sam Hentges,sam hentges,656529.0,114,Cleveland Indians,2021-08-26,0.5833333333333334,4.416666666666667,4.75,12.0,7
2021,Elieser Hernández,elieser hernández,622694.0,146,Miami Marlins,2021-09-29,0.4166666666666667,4.5,4.75,12.0,7
2021,Jeff Hoffman,jeff hoffman,656546.0,113,Cincinnati Reds,2021-07-21,0.4166666666666667,6.166666666666667,5.5,12.0,7
2021,Drew Rasmussen,drew rasmussen,656876.0,139,Tampa Bay Rays,2021-10-10,0.6363636363636364,3.5454545454545454,5.818181818181818,11.0,7
2021,Carlos Hernández,carlos hernández,672578.0,118,Kansas City Royals,2021-09-24,0.7272727272727273,4.0,6.454545454545454,11.0,7
2021,David Price,david price,456034.0,119,Los Angeles Dodgers,2021-08-22,0.36363636363636365,4.454545454545454,3.5454545454545454,11.0,7
2021,Justin Dunn,justin dunn,643290.0,136,Seattle Mariners,2021-06-17,0.5454545454545454,4.7272727272727275,3.5454545454545454,11.0,7
2021,Taylor Hearn,taylor hearn,621368.0,140,Texas Rangers,2021-09-29,0.45454545454545453,5.090909090909091,4.454545454545454,11.0,7
2021,Jaime Barria,jaime barria,642545.0,108,Los Angeles Angels,2021-09-25,0.36363636363636365,5.363636363636363,3.1818181818181817,11.0,7
2021,Josh Fleming,josh fleming,676596.0,139,Tampa Bay Rays,2021-08-11,0.45454545454545453,5.545454545454546,4.636363636363637,11.0,7
2021,Logan Allen,logan allen,663531.0,114,Cleveland Indians,2021-09-14,0.18181818181818182,5.818181818181818,3.1818181818181817,11.0,7
2021,J.C. Mejía,j.c. mejía,650496.0,114,Cleveland Indians,2021-08-04,0.18181818181818182,6.090909090909091,3.5454545454545454,11.0,7
2021,Matt Shoemaker,matt shoemaker,533167.0,142,Minnesota Twins,2021-06-04,0.2727272727272727,6.545454545454546,4.636363636363637,11.0,7
2021,Touki Toussaint,touki toussaint,657053.0,144,Atlanta Braves,2021-09-14,0.6,3.9,5.1,10.0,7
2021,Kohei Arihara,kohei arihara,685503.0,140,Texas Rangers,2021-09-15,0.4,6.2,4.4,10.0,7
2021,Jose Quintana,jose quintana,500779.0,108,Los Angeles Angels,2021-08-19,0.5,6.7,4.5,10.0,7
2021,Spenser Watkins,spenser watkins,657093.0,110,Baltimore Orioles,2021-08-29,0.2,8.0,4.7,10.0,7
2021,Cristian Javier,cristian javier,664299.0,117,Houston Astros,2021-05-23,0.5555555555555556,3.7777777777777777,4.888888888888889,9.0,7
2021,Reynaldo López,reynaldo lópez,625643.0,145,Chicago White Sox,2021-09-28,0.5555555555555556,3.888888888888889,4.666666666666667,9.0,7
2021,Miles Mikolas,miles mikolas,571945.0,138,St. Louis Cardinals,2021-09-29,0.5555555555555556,4.111111111111111,4.333333333333333,9.0,7
2021,Dinelson Lamet,dinelson lamet,659275.0,135,San Diego Padres,2021-06-26,0.3333333333333333,4.222222222222222,3.2222222222222223,9.0,7
2021,Spencer Turnbull,spencer turnbull,605513.0,116,Detroit Tigers,2021-06-04,0.4444444444444444,4.666666666666667,5.333333333333333,9.0,7
2021,Max Kranick,max kranick,668820.0,134,Pittsburgh Pirates,2021-10-02,0.4444444444444444,4.666666666666667,5.111111111111111,9.0,7
2021,Wade LeBlanc,wade leblanc,453281.0,138,St. Louis Cardinals,2021-08-12,0.4444444444444444,4.777777777777778,4.333333333333333,9.0,7
2021,Chase De Jong,chase de jong,608328.0,134,Pittsburgh Pirates,2021-07-19,0.3333333333333333,4.777777777777778,4.222222222222222,9.0,7
2021,Chase Anderson,chase anderson,502624.0,143,Philadelphia Phillies,2021-08-04,0.4444444444444444,5.333333333333333,4.333333333333333,9.0,7
2021,Justin Steele,justin steele,657006.0,112,Chicago Cubs,2021-09-30,0.3333333333333333,6.0,5.222222222222222,9.0,7
2021,Collin McHugh,collin mchugh,543521.0,139,Tampa Bay Rays,2021-10-11,0.5,3.125,4.375,8.0,7
2021,Kyle Muller,kyle muller,666205.0,144,Atlanta Braves,2021-08-12,0.5,3.375,3.875,8.0,7
2021,Jake Woodford,jake woodford,663765.0,138,St. Louis Cardinals,2021-10-03,0.625,3.625,3.625,8.0,7
2021,Joey Lucchesi,joey lucchesi,664192.0,121,New York Mets,2021-06-18,0.125,4.0,2.25,8.0,7
2021,Charlie Barnes,charlie barnes,656212.0,142,Minnesota Twins,2021-10-03,0.625,4.125,4.25,8.0,7
2021,Matt Peacock,matt peacock,676840.0,109,Arizona Diamondbacks,2021-08-12,0.25,4.375,3.875,8.0,7
2021,Paul Blackburn,paul blackburn,621112.0,133,Oakland Athletics,2021-10-02,0.5,5.125,5.125,8.0,7
2021,Alex Wells,alex wells,649144.0,110,Baltimore Orioles,2021-09-30,0.25,6.5,4.125,8.0,7
2021,Trevor Cahill,trevor cahill,502239.0,134,Pittsburgh Pirates,2021-05-19,0.125,7.125,2.875,8.0,7
2021,Jackson Kowar,jackson kowar,663804.0,118,Kansas City Royals,2021-10-03,0.125,7.5,3.5,8.0,7
2021,Nick Neidert,nick neidert,663734.0,146,Miami Marlins,2021-08-19,0.5714285714285714,4.0,3.7142857142857144,7.0,7
2021,Aaron Sanchez,aaron sanchez,592717.0,137,San Francisco Giants,2021-08-07,0.42857142857142855,4.285714285714286,5.142857142857143,7.0,7
2021,Cody Poteet,cody poteet,547001.0,146,Miami Marlins,2021-06-24,0.42857142857142855,4.857142857142857,4.0,7.0,7
2021,Humberto Castellanos,humberto castellanos,528748.0,109,Arizona Diamondbacks,2021-10-01,0.5714285714285714,4.857142857142857,5.285714285714286,7.0,7
2021,Steven Brault,steven brault,643230.0,134,Pittsburgh Pirates,2021-09-10,0.14285714285714285,5.0,1.8571428571428572,7.0,7
2021,Braxton Garrett,braxton garrett,666129.0,146,Miami Marlins,2021-08-16,0.2857142857142857,5.285714285714286,3.2857142857142856,7.0,7
2021,Edward Cabrera,edward cabrera,665795.0,146,Miami Marlins,2021-09-30,0.14285714285714285,6.571428571428571,2.5714285714285716,7.0,7
2021,Corey Knebel,corey knebel,608349.0,119,Los Angeles Dodgers,2021-10-16,0.6666666666666666,2.0,3.6666666666666665,6.0,7
2021,Chris Ellis,chris ellis,595939.0,110,Baltimore Orioles,2021-09-25,0.8333333333333334,3.8333333333333335,4.833333333333333,6.0,7
2021,Luis Gil,luis gil,661563.0,147,New York Yankees,2021-09-18,0.5,4.166666666666667,4.5,6.0,7
2021,Dillon Peters,dillon peters,596071.0,134,Pittsburgh Pirates,2021-09-20,0.5,4.333333333333333,3.8333333333333335,6.0,7
2021,Reiss Knehr,reiss knehr,663753.0,135,San Diego Padres,2021-10-03,0.6666666666666666,4.666666666666667,4.666666666666667,6.0,7
2021,Jakob Junis,jakob junis,596001.0,118,Kansas City Royals,2021-08-31,0.3333333333333333,4.833333333333333,3.6666666666666665,6.0,7
2021,Josh Rogers,josh rogers,642028.0,120,Washington Nationals,2021-10-01,0.3333333333333333,4.833333333333333,4.0,6.0,7
2021,Randy Dobnak,randy dobnak,677976.0,142,Minnesota Twins,2021-09-03,0.3333333333333333,5.0,4.666666666666667,6.0,7
2021,Michael King,michael king,650633.0,147,New York Yankees,2021-06-28,0.3333333333333333,5.333333333333333,4.333333333333333,6.0,7
2021,Tyler Gilbert,tyler gilbert,656457.0,109,Arizona Diamondbacks,2021-09-12,0.5,5.333333333333333,5.0,6.0,7
2021,Keegan Thompson,keegan thompson,624522.0,112,Chicago Cubs,2021-09-26,0.5,6.166666666666667,5.5,6.0,7
2021,Glenn Otto Jr.,glenn otto jr.,657248.0,140,Texas Rangers,2021-09-30,0.16666666666666666,6.5,3.1666666666666665,6.0,7
2021,Thomas Eshelman,thomas eshelman,664045.0,110,Baltimore Orioles,2021-10-01,0.3333333333333333,6.833333333333333,4.666666666666667,6.0,7
2021,Zac Lowther,zac lowther,675912.0,110,Baltimore Orioles,2021-09-29,0.16666666666666666,8.5,3.5,6.0,7
2021,Riley Smith,riley smith,642092.0,109,Arizona Diamondbacks,2021-06-30,0.16666666666666666,8.666666666666666,3.6666666666666665,6.0,7
2021,Chris Archer,chris archer,502042.0,139,Tampa Bay Rays,2021-09-11,1.0,2.8,8.6,5.0,7
2021,Sam Long,sam long,669674.0,137,San Francisco Giants,2021-08-24,0.6,3.4,5.6,5.0,7
2021,Anthony Kay,anthony kay,641743.0,141,Toronto Blue Jays,2021-06-24,0.4,4.0,5.2,5.0,7
2021,Joe Ryan,joe ryan,657746.0,142,Minnesota Twins,2021-09-30,0.4,4.0,3.2,5.0,7
2021,Adrian Sampson,adrian sampson,592716.0,112,Chicago Cubs,2021-10-02,0.6,4.2,5.4,5.0,7
2021,Dustin May,dustin may,669160.0,119,Los Angeles Dodgers,2021-05-01,0.4,4.6,5.8,5.0,7
2021,Sean Nolin,sean nolin,543594.0,120,Washington Nationals,2021-09-08,0.2,4.8,2.6,5.0,7
2021,Reid Detmers,reid detmers,672282.0,108,Los Angeles Angels,2021-10-03,0.4,5.0,3.2,5.0,7
2021,Tucker Davidson,tucker davidson,656353.0,144,Atlanta Braves,2021-10-31,0.2,5.2,4.4,5.0,7
2021,Stephen Strasburg,stephen strasburg,544931.0,120,Washington Nationals,2021-06-01,0.4,5.4,3.6,5.0,7
2021,Ross Detwiler,ross detwiler,446321.0,146,Miami Marlins,2021-07-19,0.6,5.6,5.6,5.0,7
2021,Packy Naughton,packy naughton,676050.0,108,Los Angeles Angels,2021-09-28,0.2,5.6,3.0,5.0,7
2021,Humberto Mejía,humberto mejía,650668.0,109,Arizona Diamondbacks,2021-10-03,0.2,6.2,2.8,5.0,7
2021,A.J. Alexy,a.j. alexy,669935.0,140,Texas Rangers,2021-09-28,0.75,2.25,4.0,4.0,7
2021,Michael Kopech,michael kopech,656629.0,145,Chicago White Sox,2021-09-23,0.75,2.75,4.75,4.0,7
2021,Jesse Chavez,jesse chavez,445926.0,144,Atlanta Braves,2021-10-20,1.0,2.75,6.25,4.0,7
2021,Aaron Ashby,aaron ashby,676879.0,158,Milwaukee Brewers,2021-08-29,1.0,3.0,8.25,4.0,7
2021,Daniel Castano,daniel castano,641447.0,146,Miami Marlins,2021-05-08,0.25,3.75,2.5,4.0,7
2021,Andrew Kittredge,andrew kittredge,552640.0,139,Tampa Bay Rays,2021-06-25,0.75,3.75,4.0,4.0,7
2021,Mitch White,mitch white,669952.0,119,Los Angeles Dodgers,2021-09-08,0.25,3.75,3.25,4.0,7
2021,Dominic Leone,dominic leone,608678.0,137,San Francisco Giants,2021-09-15,0.75,3.75,6.75,4.0,7
2021,Hyeon-Jong Yang,hyeon-jong yang,660365.0,140,Texas Rangers,2021-05-30,0.25,4.5,2.5,4.0,7
2021,Robert Dugger,robert dugger,667498.0,136,Seattle Mariners,2021-06-27,0.25,4.5,3.25,4.0,7
2021,Tony Santillan,tony santillan,663574.0,113,Cincinnati Reds,2021-06-29,0.5,4.5,4.25,4.0,7
2021,Craig Stammen,craig stammen,489334.0,135,San Diego Padres,2021-08-22,0.75,4.5,5.75,4.0,7
2021,Janson Junk,janson junk,676083.0,108,Los Angeles Angels,2021-09-29,0.5,5.0,4.5,4.0,7
2021,Scott Kazmir,scott kazmir,431148.0,137,San Francisco Giants,2021-09-30,0.75,5.25,6.0,4.0,7
2021,Michael Fulmer,michael fulmer,605242.0,116,Detroit Tigers,2021-05-04,0.25,5.5,3.75,4.0,7
2021,Shane Baz,shane baz,669358.0,139,Tampa Bay Rays,2021-10-08,0.75,5.5,6.75,4.0,7
2021,Lewis Thorpe,lewis thorpe,626929.0,142,Minnesota Twins,2021-08-18,0.25,6.75,3.25,4.0,7
2021,Jon Duplantier,jon duplantier,641541.0,109,Arizona Diamondbacks,2021-06-13,0.0,6.75,3.25,4.0,7
2021,Jerad Eickhoff,jerad eickhoff,595191.0,121,New York Mets,2021-07-27,0.25,8.0,6.0,4.0,7
2021,Jimmy Lambert,jimmy lambert,669424.0,145,Chicago White Sox,2021-09-07,0.6666666666666666,2.3333333333333335,3.0,3.0,7
2021,Kohl Stewart,kohl stewart,640464.0,112,Chicago Cubs,2021-06-11,0.6666666666666666,3.6666666666666665,6.0,3.0,7
2021,T.J. Zeuch,t.j. zeuch,643615.0,141,Toronto Blue Jays,2021-06-17,0.6666666666666666,4.333333333333333,4.0,3.0,7
2021,Nick Margevicius,nick margevicius,676606.0,136,Seattle Mariners,2021-04-25,0.3333333333333333,4.666666666666667,5.333333333333333,3.0,7
2021,Robert Stock,robert stock,476594.0,121,New York Mets,2021-07-20,0.0,5.0,2.0,3.0,7
2021,Andrew Albers,andrew albers,452027.0,142,Minnesota Twins,2021-09-09,0.3333333333333333,5.0,2.3333333333333335,3.0,7
2021,Miguel Yajure,miguel yajure,664337.0,134,Pittsburgh Pirates,2021-09-30,0.3333333333333333,5.333333333333333,1.6666666666666667,3.0,7
2021,Jonathan Heasley,jonathan heasley,669169.0,118,Kansas City Royals,2021-10-01,0.3333333333333333,5.666666666666667,4.666666666666667,3.0,7
2021,nan,nan,,142,Minnesota Twins,2021-07-03,0.0,6.0,2.0,3.0,7
2021,Seth Frankoff,seth frankoff,571676.0,109,Arizona Diamondbacks,2021-05-29,0.3333333333333333,6.0,5.333333333333333,3.0,7
2021,Jordan Holloway,jordan holloway,656548.0,146,Miami Marlins,2021-07-28,0.3333333333333333,6.333333333333333,6.666666666666667,3.0,7
2021,Trent Thornton,trent thornton,663423.0,141,Toronto Blue Jays,2021-05-24,0.6666666666666666,7.333333333333333,7.666666666666667,3.0,7
2021,Jake Faria,jake faria,607188.0,109,Arizona Diamondbacks,2021-07-08,0.0,7.333333333333333,3.0,3.0,7
2021,Connor Overton,connor overton,656818.0,134,Pittsburgh Pirates,2021-09-27,0.0,8.666666666666666,2.3333333333333335,3.0,7
2021,Corbin Martin,corbin martin,656686.0,109,Arizona Diamondbacks,2021-06-25,0.0,9.333333333333334,2.0,3.0,7
2021,Justin Bruihl,justin bruihl,677865.0,119,Los Angeles Dodgers,2021-08-18,1.0,0.5,5.5,2.0,7
2021,Adrian Morejon,adrian morejon,670970.0,135,San Diego Padres,2021-04-11,0.5,1.5,2.0,2.0,7
2021,Reiver Sanmartin,reiver sanmartin,665665.0,113,Cincinnati Reds,2021-10-03,1.0,2.0,9.5,2.0,7
2021,Miguel Díaz,miguel díaz,622766.0,135,San Diego Padres,2021-06-19,1.0,2.5,4.5,2.0,7
2021,Miguel Castro,miguel castro,612434.0,121,New York Mets,2021-05-18,1.0,2.5,5.5,2.0,7
2021,Julio Teheran,julio teheran,527054.0,116,Detroit Tigers,2021-04-09,0.5,3.0,3.0,2.0,7
2021,Aaron Loup,aaron loup,571901.0,121,New York Mets,2021-07-26,0.5,3.0,3.0,2.0,7
2021,Louis Head,louis head,545343.0,139,Tampa Bay Rays,2021-09-16,1.0,3.0,6.5,2.0,7
2021,Noah Syndergaard,noah syndergaard,592789.0,121,New York Mets,2021-10-03,0.5,3.0,1.0,2.0,7
2021,Thomas Hatch,thomas hatch,641672.0,141,Toronto Blue Jays,2021-09-11,0.5,3.5,7.5,2.0,7
2021,Chris Rodriguez,chris rodriguez,669735.0,108,Los Angeles Angels,2021-08-10,0.5,3.5,3.5,2.0,7
2021,Ervin Santana,ervin santana,429722.0,118,Kansas City Royals,2021-05-29,0.5,4.0,4.0,2.0,7
2021,Kyle Wright,kyle wright,657140.0,144,Atlanta Braves,2021-06-23,0.5,4.5,4.0,2.0,7
2021,John Curtiss,john curtiss,595928.0,146,Miami Marlins,2021-07-25,0.5,4.5,7.0,2.0,7
2021,Pierce Johnson,pierce johnson,572955.0,135,San Diego Padres,2021-09-16,0.5,4.5,4.5,2.0,7
2021,Hans Crouse,hans crouse,668968.0,143,Philadelphia Phillies,2021-10-02,0.0,4.5,0.5,2.0,7
2021,José De León,josé de león,592254.0,113,Cincinnati Reds,2021-04-11,0.5,5.0,2.5,2.0,7
2021,Daniel Ponce de Leon,daniel ponce de leon,594965.0,138,St. Louis Cardinals,2021-04-11,0.5,5.0,3.5,2.0,7
2021,Deivi García,deivi garcía,665620.0,147,New York Yankees,2021-05-29,0.0,5.0,1.5,2.0,7
2021,Brent Honeywell,brent honeywell,641703.0,139,Tampa Bay Rays,2021-04-24,0.5,5.5,4.5,2.0,7
2021,Kyle Zimmer,kyle zimmer,622092.0,118,Kansas City Royals,2021-06-26,0.5,5.5,2.5,2.0,7
2021,Jhonathan Díaz,jhonathan díaz,646242.0,108,Los Angeles Angels,2021-10-02,0.0,5.5,4.0,2.0,7
2021,Nick Nelson,nick nelson,656793.0,147,New York Yankees,2021-07-07,0.5,6.0,3.5,2.0,7
2021,Zack Littell,zack littell,641793.0,137,San Francisco Giants,2021-06-15,0.5,6.0,6.0,2.0,7
2021,Peter Lambert,peter lambert,663567.0,115,Colorado Rockies,2021-09-29,0.5,6.0,6.0,2.0,7
2021,Mike Fiers,mike fiers,571666.0,133,Oakland Athletics,2021-05-06,0.0,6.5,3.0,2.0,7
2021,Kyle Funkhouser,kyle funkhouser,608335.0,116,Detroit Tigers,2021-07-10,0.0,6.5,2.5,2.0,7
2021,Ryan Feltner,ryan feltner,663372.0,115,Colorado Rockies,2021-09-12,0.5,6.5,3.5,2.0,7
2021,Erik Swanson,erik swanson,657024.0,136,Seattle Mariners,2021-05-08,0.0,7.0,5.5,2.0,7
2021,Drew Hutchison,drew hutchison,571800.0,116,Detroit Tigers,2021-08-22,0.5,7.0,2.5,2.0,7
2021,Sam Coonrod,sam coonrod,656322.0,143,Philadelphia Phillies,2021-09-10,0.5,7.0,3.0,2.0,7
2021,Cody Ponce,cody ponce,664074.0,134,Pittsburgh Pirates,2021-07-03,0.0,7.5,2.5,2.0,7
2021,Mike Mayers,mike mayers,594577.0,108,Los Angeles Angels,2021-09-08,0.5,7.5,6.5,2.0,7
2021,Wes Benjamin,wes benjamin,605138.0,140,Texas Rangers,2021-09-11,0.5,8.0,6.0,2.0,7
2021,Brandon Bielak,brandon bielak,656232.0,117,Houston Astros,2021-09-24,0.5,8.5,3.0,2.0,7
2021,Alex Young,alex young,622065.0,109,Arizona Diamondbacks,2021-06-20,0.0,9.0,8.0,2.0,7
2021,David Robertson,david robertson,502085.0,139,Tampa Bay Rays,2021-09-24,1.0,0.0,8.0,1.0,7
2021,Conner Menez,conner menez,669214.0,137,San Francisco Giants,2021-06-12,1.0,1.0,2.0,1.0,7
2021,Garrett Cleavinger,garrett cleavinger,664076.0,119,Los Angeles Dodgers,2021-07-04,1.0,1.0,5.0,1.0,7
2021,Tommy Hunter,tommy hunter,488984.0,121,New York Mets,2021-05-08,1.0,2.0,4.0,1.0,7
2021,Jefry Rodriguez,jefry rodriguez,622446.0,120,Washington Nationals,2021-06-12,0.0,2.0,1.0,1.0,7
2021,Victor González,victor gonzález,624647.0,119,Los Angeles Dodgers,2021-07-01,1.0,2.0,6.0,1.0,7
2021,Wandy Peralta,wandy peralta,593974.0,147,New York Yankees,2021-08-06,1.0,2.0,3.0,1.0,7
2021,Lucas Luetge,lucas luetge,476595.0,147,New York Yankees,2021-08-11,1.0,2.0,5.0,1.0,7
2021,Joel Payamps,joel payamps,606303.0,118,Kansas City Royals,2021-09-20,1.0,2.0,4.0,1.0,7
2021,Adonis Medina,adonis medina,658431.0,143,Philadelphia Phillies,2021-09-21,1.0,2.0,3.0,1.0,7
2021,Joe Kelly,joe kelly,523260.0,119,Los Angeles Dodgers,2021-10-21,1.0,2.0,11.0,1.0,7
2021,Dylan Lee,dylan lee,669276.0,144,Atlanta Braves,2021-10-30,1.0,2.0,3.0,1.0,7
2021,Tommy Milone,tommy milone,543548.0,141,Toronto Blue Jays,2021-04-17,0.0,3.0,2.0,1.0,7
2021,Edwin Uceta,edwin uceta,670955.0,119,Los Angeles Dodgers,2021-04-30,0.0,3.0,1.0,1.0,7
2021,Phil Maton,phil maton,664208.0,114,Cleveland Indians,2021-05-04,1.0,3.0,7.0,1.0,7
2021,Jimmy Nelson,jimmy nelson,519076.0,119,Los Angeles Dodgers,2021-05-16,0.0,3.0,2.0,1.0,7
2021,Travis Lakins,travis lakins,664042.0,110,Baltimore Orioles,2021-06-29,1.0,3.0,13.0,1.0,7
2021,Anthony Bender,anthony bender,669622.0,146,Miami Marlins,2021-07-22,0.0,3.0,2.0,1.0,7
2021,Daulton Jefferies,daulton jefferies,641726.0,133,Oakland Athletics,2021-08-01,1.0,3.0,8.0,1.0,7
2021,Jose Alvarez,jose alvarez,501625.0,137,San Francisco Giants,2021-08-30,0.0,3.0,1.0,1.0,7
2021,Conner Greene,conner greene,641632.0,110,Baltimore Orioles,2021-09-21,0.0,3.0,2.0,1.0,7
2021,Roansy Contreras,roansy contreras,672710.0,134,Pittsburgh Pirates,2021-09-29,0.0,3.0,2.0,1.0,7
2021,Dakota Hudson,dakota hudson,641712.0,138,St. Louis Cardinals,2021-10-01,1.0,3.0,4.0,1.0,7
2021,Pedro Avila,pedro avila,658648.0,135,San Diego Padres,2021-10-01,0.0,3.0,0.0,1.0,7
2021,Junior Guerra,junior guerra,448855.0,108,Los Angeles Angels,2021-05-10,1.0,4.0,5.0,1.0,7
2021,Corey Oswalt,corey oswalt,621261.0,121,New York Mets,2021-07-04,0.0,4.0,2.0,1.0,7
2021,Brandon Kintzler,brandon kintzler,445213.0,143,Philadelphia Phillies,2021-07-11,1.0,4.0,5.0,1.0,7
2021,Brusdar Graterol,brusdar graterol,660813.0,119,Los Angeles Dodgers,2021-08-27,0.0,4.0,2.0,1.0,7
2021,Nick Wittgren,nick wittgren,621295.0,114,Cleveland Indians,2021-09-20,0.0,4.0,2.0,1.0,7
2021,Cory Abbott,cory abbott,676265.0,112,Chicago Cubs,2021-10-01,0.0,4.0,3.0,1.0,7
2021,Travis Bergen,travis bergen,664157.0,141,Toronto Blue Jays,2021-05-01,1.0,5.0,6.0,1.0,7
2021,Jordan Yamamoto,jordan yamamoto,657141.0,121,New York Mets,2021-05-23,0.0,5.0,1.0,1.0,7
2021,Ryan Burr,ryan burr,621114.0,145,Chicago White Sox,2021-06-27,1.0,5.0,7.0,1.0,7
2021,Asher Wojciechowski,asher wojciechowski,592879.0,147,New York Yankees,2021-07-21,1.0,5.0,6.0,1.0,7
2021,Cooper Criswell,cooper criswell,681867.0,108,Los Angeles Angels,2021-08-27,0.0,5.0,0.0,1.0,7
2021,Luke Farrell,luke farrell,608652.0,142,Minnesota Twins,2021-09-19,0.0,5.0,3.0,1.0,7
2021,Bailey Falter,bailey falter,663559.0,143,Philadelphia Phillies,2021-10-03,0.0,5.0,4.0,1.0,7
2021,Ashton Goudeau,ashton goudeau,623485.0,115,Colorado Rockies,2021-10-03,0.0,5.0,4.0,1.0,7
2021,Zack Godley,zack godley,643327.0,158,Milwaukee Brewers,2021-04-28,0.0,6.0,2.0,1.0,7
2021,Ryan Castellani,ryan castellani,624418.0,115,Colorado Rockies,2021-05-04,1.0,6.0,8.0,1.0,7
2021,Brent Suter,brent suter,608718.0,158,Milwaukee Brewers,2021-05-07,0.0,6.0,1.0,1.0,7
2021,Jhoulys Chacín,jhoulys chacín,468504.0,115,Colorado Rockies,2021-05-15,0.0,6.0,5.0,1.0,7
2021,Adam Plutko,adam plutko,592644.0,110,Baltimore Orioles,2021-05-16,1.0,6.0,10.0,1.0,7
2021,Robert Gsellman,robert gsellman,607229.0,121,New York Mets,2021-06-19,0.0,6.0,2.0,1.0,7
2021,Darien Núñez,darien núñez,628345.0,119,Los Angeles Dodgers,2021-07-20,1.0,6.0,8.0,1.0,7
2021,Keynan Middleton,keynan middleton,641871.0,136,Seattle Mariners,2021-07-21,0.0,6.0,3.0,1.0,7
2021,Jay Jackson,jay jackson,543351.0,137,San Francisco Giants,2021-09-04,0.0,6.0,1.0,1.0,7
2021,Angel Zerpa,angel zerpa,672582.0,118,Kansas City Royals,2021-09-30,0.0,6.0,1.0,1.0,7
2021,Tanner Roark,tanner roark,543699.0,141,Toronto Blue Jays,2021-04-06,0.0,7.0,4.0,1.0,7
2021,David Phelps,david phelps,475479.0,141,Toronto Blue Jays,2021-04-09,0.0,7.0,1.0,1.0,7
2021,Paul Campbell,paul campbell,669294.0,146,Miami Marlins,2021-05-01,0.0,7.0,2.0,1.0,7
2021,Nate Pearson,nate pearson,663878.0,141,Toronto Blue Jays,2021-05-09,0.0,7.0,4.0,1.0,7
2021,Tyler Ivey,tyler ivey,663959.0,117,Houston Astros,2021-05-21,0.0,7.0,5.0,1.0,7
2021,Danny Coulombe,danny coulombe,543056.0,142,Minnesota Twins,2021-06-25,1.0,7.0,8.0,1.0,7
2021,Héctor Santiago,héctor santiago,502327.0,136,Seattle Mariners,2021-07-11,0.0,7.0,1.0,1.0,7
2021,Matt Strahm,matt strahm,621381.0,135,San Diego Padres,2021-08-17,0.0,7.0,3.0,1.0,7
2021,Jacob Latz,jacob latz,656641.0,140,Texas Rangers,2021-08-25,0.0,7.0,2.0,1.0,7
2021,Clarke Schmidt,clarke schmidt,657376.0,147,New York Yankees,2021-09-12,0.0,7.0,6.0,1.0,7
2021,Julian Merryweather,julian merryweather,657240.0,141,Toronto Blue Jays,2021-09-22,0.0,7.0,1.0,1.0,7
2021,Riley O'Brien,riley o'brien,676617.0,113,Cincinnati Reds,2021-09-28,0.0,7.0,1.0,1.0,7
2021,Joan Adon,joan adon,672851.0,120,Washington Nationals,2021-10-03,0.0,7.0,5.0,1.0,7
2021,Darren McCaughan,darren mccaughan,670766.0,136,Seattle Mariners,2021-07-26,1.0,8.0,11.0,1.0,7
2021,Lucas Gilbreath,lucas gilbreath,656458.0,115,Colorado Rockies,2021-07-28,0.0,8.0,7.0,1.0,7
2021,Cristopher Sánchez,cristopher sánchez,650911.0,143,Philadelphia Phillies,2021-07-29,1.0,8.0,11.0,1.0,7
2021,Brad Peacock,brad peacock,502748.0,111,Boston Red Sox,2021-08-31,0.0,8.0,5.0,1.0,7
2021,Connor Seabold,connor seabold,657756.0,111,Boston Red Sox,2021-09-11,1.0,8.0,9.0,1.0,7
2021,Cam Bedrosian,cam bedrosian,592135.0,143,Philadelphia Phillies,2021-09-16,1.0,8.0,17.0,1.0,7
2021,Sam Howard,sam howard,607572.0,134,Pittsburgh Pirates,2021-09-24,0.0,8.0,6.0,1.0,7
2021,Jake Reed,jake reed,596082.0,119,Los Angeles Dodgers,2021-07-07,0.0,9.0,6.0,1.0,7
2021,Luis Oviedo,luis oviedo,665854.0,134,Pittsburgh Pirates,2021-07-27,0.0,9.0,0.0,1.0,7
2021,James Paxton,james paxton,572020.0,136,Seattle Mariners,2021-04-06,0.0,10.0,4.0,1.0,7
2021,Ljay Newsome,ljay newsome,664714.0,136,Seattle Mariners,2021-05-01,0.0,10.0,5.0,1.0,7
2021,Beau Burrows,beau burrows,663366.0,142,Minnesota Twins,2021-08-09,0.0,11.0,1.0,1.0,7
2021,Kutter Crawford,kutter crawford,676710.0,111,Boston Red Sox,2021-09-05,0.0,11.0,5.0,1.0,7
2021,Drew Smith,drew smith,622098.0,121,New York Mets,2021-05-15,0.0,12.0,5.0,1.0,7
2021,Austin Voth,austin voth,608723.0,120,Washington Nationals,2021-06-06,0.0,12.0,6.0,1.0,7
2021,Drew Anderson,drew anderson,623454.0,140,Texas Rangers,2021-08-07,0.0,12.0,3.0,1.0,7
2021,David Hess,david hess,605276.0,146,Miami Marlins,2021-08-08,0.0,13.0,8.0,1.0,7
2021,Alec Bettinger,alec bettinger,676424.0,158,Milwaukee Brewers,2021-05-02,0.0,16.0,4.0,1.0,7
